accuracy,loss,val_accuracy,val_loss,epoch
0.6024590134620667,1.1947273015975952,0.7877628803253174,0.6206508278846741,1
0.688524603843689,0.9947527050971985,0.7533460855484009,0.6488577723503113,2
0.730327844619751,0.9293298721313477,0.7571702003479004,0.6366233229637146,3
0.7213114500045776,0.9165991544723511,0.7743785977363586,0.5749712586402893,4
0.7463114857673645,0.8783944845199585,0.7246654033660889,0.7622944712638855,5
0.7610656023025513,0.8029851317405701,0.7437858581542969,0.5768778920173645,6
0.7627049088478088,0.806830108165741,0.7284894585609436,0.650017499923706,7
0.7647541165351868,0.7758961319923401,0.7858508825302124,0.5187984108924866,8
0.7692623138427734,0.7795591354370117,0.7705544829368591,0.5679753422737122,9
0.7803278565406799,0.7596723437309265,0.7590821981430054,0.6039485931396484,10
0.784426212310791,0.7403550148010254,0.6730401515960693,0.7718835473060608,11
0.7790983319282532,0.7349964380264282,0.7495219707489014,0.6089840531349182,12
