id_code_1,diagnosis_1,id_code_2,diagnosis_2,phash_distance
0243404e8a00,4,3b018e8b7303,3,0
0243404e8a00,4,3ddb86eb530e,2,0
0a4e1a29ffff,0,1b862fb6f65d,0,0
16ce555748d8,4,4d9fc85a8259,3,0
1b398c0494d1,0,81914ceb4e74,0,0
26fc2358a38d,0,59bd19c1c5bb,0,0
28dc010a0780,0,7e980424868e,0,0
28dc010a0780,0,b10fca20c885,0,0
29f44aea93a4,2,7e6e90a93aa5,2,0
2b48daf24be0,3,9a94e0316ee3,3,0
2f284b6a1940,4,bb5083fae98f,3,0
33778d136069,3,4ccfa0b4e96c,4,0
3435fd8675a2,3,c62585bd68fb,4,0
3b018e8b7303,3,3ddb86eb530e,2,0
435414ccccf7,0,9f1b14dfa14c,0,0
5299a532f0e0,0,c6a8f8f998a2,0,0
76095c338728,0,84b79243e430,0,0
76095c338728,0,bd34a0639575,0,0
7e980424868e,0,b10fca20c885,0,0
84b79243e430,0,bd34a0639575,0,0
b019a49787c1,3,e1fb532f55df,3,0
c9e697117f3f,0,e135d7ba9a0e,0,0
cd93a472e5cd,4,d035c2bd9104,3,0
02da652c74b8,0,8acdf12f412a,0,2
02da652c74b8,0,999ad827ed35,0,2
03a7f4a5786f,4,4b6895d0cf8d,0,2
054b1b305160,0,d6b109c82067,0,2
0851d6a69589,0,ac1667fac512,0,2
08f8838d69bb,0,1d3e9b939732,0,2
099021fac3c9,0,188219f2d9c6,0,2
0a4e1a29ffff,0,e16af45285e5,0,2
0abf0c485f66,0,50d8249f7bc9,0,2
0abf0c485f66,0,f71aca5a7dc3,0,2
0af296d2f04a,2,b0d35981708b,2,2
0af296d2f04a,2,bd9904495ccd,4,2
0af296d2f04a,2,c0a0828e01b4,3,2
0ca0aee4d57e,2,8eeac97f02f0,4,2
0d8f60ed9280,0,260a455692b5,0,2
0d8f60ed9280,0,67ed8cc78b97,0,2
0e3572b5884a,0,7347bd23ba80,0,2
12ab2f6397f0,0,144a1a426137,2,2
12ab2f6397f0,0,c704bd669f36,0,2
12ef75375322,0,76095c338728,0,2
12ef75375322,0,84b79243e430,0,2
12ef75375322,0,b8dab47a260e,0,2
12ef75375322,0,bd34a0639575,0,2
12ef75375322,0,de55ed25e0e8,0,2
144a1a426137,2,84b4da14bc23,0,2
144a1a426137,2,c704bd669f36,0,2
1509d097b69a,0,ffd97f8cd5aa,0,2
155e2df6bfcf,0,415f2d2bd2a1,0,2
15e24b73d4a7,0,27933cdbe0cc,0,2
15e24b73d4a7,0,52edbe29d655,0,2
15e24b73d4a7,0,b0f0fa677d5f,0,2
1601c939412f,0,c096131ad065,0,2
165c548185f8,0,4926dea289f8,0,2
165c548185f8,0,946545473380,0,2
165c548185f8,0,b8dab47a260e,0,2
189cbbc9e5e3,0,ad6b07d5c338,0,2
189cbbc9e5e3,0,f26b02ead915,0,2
1ade1e949383,2,5e7630f8438e,2,2
1b398c0494d1,0,46acc506fa61,0,2
1b398c0494d1,0,496155f71d0a,0,2
1b398c0494d1,0,9f285b3e57ed,0,2
1b398c0494d1,0,c24bcf7a1bc4,0,2
1b398c0494d1,0,d6b109c82067,0,2
1b862fb6f65d,0,e16af45285e5,0,2
1c7a013eeba7,0,a85cda5f725d,0,2
1ca35d483772,0,65f5d2a6eb7e,0,2
1d3e9b939732,0,415f2d2bd2a1,0,2
1d3e9b939732,0,912fbe06407e,0,2
1db0393cdbc1,0,331121c65e88,0,2
1f4fb37e0854,0,63b71347e95d,0,2
1f5496352859,0,e2265c383348,0,2
207dd0487264,0,28dc010a0780,0,2
207dd0487264,0,7e980424868e,0,2
207dd0487264,0,b10fca20c885,0,2
260a455692b5,0,67ed8cc78b97,0,2
266fbefa58fb,0,44a4d04162cc,0,2
266fbefa58fb,0,46acc506fa61,0,2
266fbefa58fb,0,5299a532f0e0,0,2
266fbefa58fb,0,883c6a184f16,0,2
266fbefa58fb,0,c6a8f8f998a2,0,2
266fbefa58fb,0,e6552b7432b3,0,2
26d9576e8043,0,e2265c383348,0,2
29f44aea93a4,2,d94e10f42861,2,2
2b4c7b5f1f1e,0,821789e9053f,1,2
2b4c7b5f1f1e,0,c98f623d08d1,0,2
2dd28ac497d2,0,7ec0e61a7e29,0,2
32a3eb37ff40,2,fca931da5c5e,1,2
345b1f0abbba,0,a2b97d98f130,0,2
34a7dbd3f05c,0,df0886f1e76b,0,2
351e842842a2,0,7a6e384a0846,3,2
359bab5d784b,0,eabf421f94d0,0,2
36e4b704b905,0,e2ec22b3d07e,0,2
370f575adb23,0,7ce671f952be,0,2
38b9bb961847,1,ec6f1797a25a,0,2
3ac3fbfca7d4,4,9eaac43744f5,2,2
3b0190bbe615,0,d667af5742f6,0,2
3c72f580d4ba,1,b460ca9fa26f,0,2
3c72f580d4ba,1,f00ce9b9d6f4,0,2
3cab32dd6ef9,0,aafe980edd0c,0,2
3f49f8d100e9,3,5548a7961a3e,1,2
3f6c627e2ff2,0,415f2d2bd2a1,0,2
3f6c627e2ff2,0,691eeb59b4cb,0,2
3f98be586fe3,0,ef7eb85b75fc,0,2
4350a1b2f3cb,0,835b9f6e12ba,0,2
4350a1b2f3cb,0,973b0facfa9b,0,2
4350a1b2f3cb,0,9985375d709f,0,2
435414ccccf7,0,ef247f28004f,0,2
436fa3fd145a,0,4ef16a53d899,0,2
4409965eb2a4,0,d88c4843aec3,0,2
44a4d04162cc,0,475300735b7f,0,2
44a4d04162cc,0,5299a532f0e0,0,2
44a4d04162cc,0,c6a8f8f998a2,0,2
461fa5292fda,0,840a06a9c690,0,2
461fa5292fda,0,973b0facfa9b,0,2
461fa5292fda,0,a53d6d2472a6,0,2
461fa5292fda,0,d667af5742f6,0,2
46acc506fa61,0,81914ceb4e74,0,2
46acc506fa61,0,883c6a184f16,0,2
46acc506fa61,0,9f285b3e57ed,0,2
46acc506fa61,0,d6b109c82067,0,2
46acc506fa61,0,d774692d9919,0,2
46acc506fa61,0,e6552b7432b3,0,2
475300735b7f,0,4aa3d771c5e4,0,2
475300735b7f,0,5299a532f0e0,0,2
475300735b7f,0,63b71347e95d,0,2
475300735b7f,0,c6a8f8f998a2,0,2
4826d10030b3,0,c24bcf7a1bc4,0,2
486e852a3b4d,0,eb175669d789,0,2
4926dea289f8,0,b8dab47a260e,0,2
496155f71d0a,0,5299a532f0e0,0,2
496155f71d0a,0,81914ceb4e74,0,2
496155f71d0a,0,bf7b4eae7ad0,0,2
496155f71d0a,0,c6a8f8f998a2,0,2
4ab8c0cece7f,0,7d0a871c45db,0,2
4ab8c0cece7f,0,e16af45285e5,0,2
4c389d033cb0,0,830e297965a1,0,2
4cae247d9909,1,73ba798fee25,0,2
4ce74e5eb51d,2,921433215353,2,2
4ce74e5eb51d,2,a95858e052d6,1,2
4ce74e5eb51d,2,abf09c44d5f4,2,2
4f5dd7660b17,0,83e529e95b0e,1,2
4f60129e9a5b,2,664b1f9a2087,4,2
5077cdb88aed,0,9cf7c1349673,0,2
50d8249f7bc9,0,f71aca5a7dc3,0,2
5188a8afa879,2,9033f1493da1,2,2
51a078d6d43a,0,9985375d709f,0,2
5299a532f0e0,0,67c03349bb31,2,2
5299a532f0e0,0,bf7b4eae7ad0,0,2
52edbe29d655,0,b0f0fa677d5f,0,2
545df1bbcd61,1,c1819db0aece,0,2
565f3404f9b2,0,8b568d47a1fd,0,2
58af2c054ced,0,b66f23ffa730,0,2
58eb3809f456,0,99c626e58464,0,2
5a444c32cd9a,0,ac1667fac512,0,2
5a444c32cd9a,0,e66ad813a508,0,2
5ad3dabeb2cd,0,68987fb159ab,0,2
5ad3dabeb2cd,0,eda1d75cbcf0,0,2
5b32ece9c627,0,a8dea22ef903,0,2
5b804948e35f,1,8693ab1fd2be,0,2
5b804948e35f,1,a8b3c0961d42,0,2
5b804948e35f,1,ac0a48ccbf70,0,2
5baed382f062,0,6294b378d09f,0,2
5d3c8c1f57da,0,76cab26493f1,0,2
5d3c8c1f57da,0,cd3fd04d72f5,2,2
5d5b5da5f939,0,691eeb59b4cb,0,2
5d6239c0fd39,0,d69698f838db,0,2
5e5275ddee29,0,9fa02dfb5553,0,2
61a62b1dcc36,0,720b5f62ce80,0,2
61a62b1dcc36,0,76df141d966b,0,2
62b4be2799ca,0,68987fb159ab,0,2
62b4be2799ca,0,88e4399d207c,0,2
62b826899151,0,ebf4b22240f4,0,2
639915f58a2f,0,9c514d2d5b3f,0,2
65a7fe9482fe,0,67c03349bb31,2,2
6735931000ec,3,ed88faaa325a,2,2
6735931000ec,3,fc603cbedb41,2,2
674057ab250c,2,e77a93c3d9a9,0,2
67c03349bb31,2,c6a8f8f998a2,0,2
67d8f94f04e0,0,a0e635689259,0,2
68987fb159ab,0,780f9daaa24b,0,2
68987fb159ab,0,a86128b601a7,0,2
68987fb159ab,0,e12df54e0d1e,0,2
68987fb159ab,0,ff631653374e,0,2
691eeb59b4cb,0,d69698f838db,0,2
6cb96a6fb029,0,ddb222ff7c1d,0,2
6d4f6c9a8406,0,d7ac4a0c9760,0,2
6fbaaf8eb67a,0,e30a890600e1,0,2
7131bf4c9e6f,0,a1e236fbc863,0,2
7179f85bfd6f,0,9b70f84400af,0,2
7179f85bfd6f,0,f580566e27f5,0,2
71a39c660432,3,8cb6b5b2f19c,2,2
71e43b4f8ba6,0,f5c953bee7cd,0,2
721214151233,0,8d13c46e7d75,0,2
726dff37edc0,0,8693ab1fd2be,0,2
7347bd23ba80,0,a2b995b81692,0,2
73ba798fee25,0,76095c338728,0,2
73ba798fee25,0,84b79243e430,0,2
73ba798fee25,0,b8dab47a260e,0,2
73ba798fee25,0,bd34a0639575,0,2
73ba798fee25,0,ec01f0862669,0,2
74418f620068,2,eba3acc42197,1,2
7526c59c36d3,0,ef7eb85b75fc,0,2
76095c338728,0,b8dab47a260e,0,2
76095c338728,0,de55ed25e0e8,0,2
76095c338728,0,f09cfc6a4dbd,0,2
763ad1236efe,0,cd941e5bc659,0,2
763ad1236efe,0,d69698f838db,0,2
780f9daaa24b,0,d16e59a2b33a,0,2
780f9daaa24b,0,de55ed25e0e8,0,2
780f9daaa24b,0,e12df54e0d1e,0,2
7a6e384a0846,3,bfb578c0e8d8,0,2
7ccf9d25dc48,0,a76132e79688,0,2
7ccf9d25dc48,0,e16af45285e5,0,2
7e6e90a93aa5,2,d94e10f42861,2,2
7f6690fa390a,0,f0267c42907c,0,2
80c67efc8101,0,9985375d709f,0,2
81914ceb4e74,0,9f285b3e57ed,0,2
81914ceb4e74,0,c24bcf7a1bc4,0,2
81914ceb4e74,0,d6b109c82067,0,2
8273fdb4405e,1,f0098e9d4aee,4,2
84b79243e430,0,b8dab47a260e,0,2
84b79243e430,0,de55ed25e0e8,0,2
84b79243e430,0,f09cfc6a4dbd,0,2
8688f3d0fcaf,3,bfefa7344e7d,4,2
87295c5fa1cc,0,fe3f62695b2d,0,2
874f8c1929f6,0,bb752b179751,0,2
87a9f4d20f07,0,8bf2d925dc0c,0,2
883c6a184f16,0,acf976efd7ce,0,2
883c6a184f16,0,d774692d9919,0,2
883c6a184f16,0,e6552b7432b3,0,2
89b725411cee,2,c40976189f22,1,2
8c29a76fa08c,0,f994a3b07935,0,2
8cb6b5b2f19c,2,b0d35981708b,2,2
8e67f2d7e0ee,0,d5b4705ac2ee,1,2
8e67f2d7e0ee,0,f09cfc6a4dbd,0,2
8e67f2d7e0ee,0,f580566e27f5,0,2
8f06ca4642bd,0,a9b3177f01c0,0,2
90a786abe58e,0,941d874c8afb,0,2
90a786abe58e,0,9cf7c1349673,0,2
90a786abe58e,0,e01b7bac822b,0,2
921433215353,2,a95858e052d6,1,2
94076a9fb9b5,0,ef99c499d665,0,2
946545473380,0,b8dab47a260e,0,2
96ce10a1dbd7,0,ce6f33a81ad5,0,2
973b0facfa9b,0,9985375d709f,0,2
9985375d709f,0,a53d6d2472a6,0,2
99c6a123ed6a,0,e1dc02a3dc2a,0,2
9b70f84400af,0,f580566e27f5,0,2
9f1b14dfa14c,0,ef247f28004f,0,2
a4d41c495666,2,fd62bd0db4f1,1,2
a61723fc38c2,0,a86128b601a7,0,2
a73d012c4c38,0,acf976efd7ce,0,2
a86128b601a7,0,ff631653374e,0,2
a8b3c0961d42,0,ac0a48ccbf70,0,2
aa4407aab872,0,b2b79b37d314,0,2
aafe980edd0c,0,b71428739d4e,1,2
ac1667fac512,0,e66ad813a508,0,2
ad312ca98202,0,f64b6e85f1c9,0,2
ad6b07d5c338,0,f26b02ead915,0,2
af87d48ffe01,0,f0267c42907c,0,2
b0d35981708b,2,f2ee81781411,2,2
b0f0fa677d5f,0,bb752b179751,0,2
b3c0c3330278,2,d2ffe9287dc7,3,2
b460ca9fa26f,0,f00ce9b9d6f4,0,2
b7ce561a7328,0,b8dab47a260e,0,2
b7e0f95353f2,3,bd9904495ccd,4,2
b7e0f95353f2,3,c613db1cab27,2,2
b8dab47a260e,0,bd34a0639575,0,2
b8dab47a260e,0,ec01f0862669,0,2
bd06028eb7dd,0,c9e697117f3f,0,2
bd06028eb7dd,0,d5b4705ac2ee,1,2
bd06028eb7dd,0,e135d7ba9a0e,0,2
bd06028eb7dd,0,f580566e27f5,0,2
bd34a0639575,0,de55ed25e0e8,0,2
bd34a0639575,0,f09cfc6a4dbd,0,2
bf7b4eae7ad0,0,c6a8f8f998a2,0,2
c9e697117f3f,0,d5b4705ac2ee,1,2
cd29c88c9e36,2,d6e26fe51dce,1,2
d16e59a2b33a,0,de55ed25e0e8,0,2
d16e59a2b33a,0,ff631653374e,0,2
d5b4705ac2ee,1,e135d7ba9a0e,0,2
d5b4705ac2ee,1,f09cfc6a4dbd,0,2
d6e26fe51dce,1,eba3acc42197,1,2
d88c4843aec3,0,f4d3169b468a,0,2
de55ed25e0e8,0,ec6f1797a25a,0,2
ef4121e9bb67,0,fa9f1bc03f21,0,2
f580566e27f5,0,f762c272c522,1,2
00a8624548a9,2,6b128e648646,3,4
00a8624548a9,2,91e8af9ceee9,2,4
00cb6555d108,1,76e589911303,1,4
0124dffecf29,1,ea588d1e5d96,2,4
01b3aed3ed4c,1,812d5adafaf2,2,4
01d9477b1171,0,d7a01fca9838,0,4
01f7bb8be950,0,1db18bdd43aa,2,4
0212dd31f623,0,a06a63d866b2,0,4
0212dd31f623,0,e4dcca36ceb4,0,4
025a169a0bb0,2,e1b8acb1cea1,0,4
02da652c74b8,0,2eba4279e503,0,4
02da652c74b8,0,4e4a6224a04e,0,4
02da652c74b8,0,821789e9053f,1,4
02da652c74b8,0,9d75de31f1b8,0,4
02da652c74b8,0,c3c8fdda50c0,0,4
033f2b43de6d,2,e580676516b0,1,4
03b373718013,0,415f2d2bd2a1,0,4
03b373718013,0,6110ecb3bb1c,0,4
03b373718013,0,6324d77cf926,0,4
03b373718013,0,650104ede84c,0,4
03b373718013,0,691eeb59b4cb,0,4
03b373718013,0,bfa30ebf63a8,0,4
03b373718013,0,d69698f838db,0,4
03ff7d159f10,2,c80f79579fed,2,4
03ff7d159f10,2,df84e7113003,4,4
041f09eec1e8,2,207a580de0ea,2,4
041f09eec1e8,2,5265dc9acdf8,2,4
041f09eec1e8,2,7c90ab025331,4,4
041f09eec1e8,2,a721efb1e049,2,4
041f09eec1e8,2,b7e0f95353f2,3,4
0423237770a7,0,04efb1a284cc,0,4
0423237770a7,0,a88365134c3c,0,4
04579e31e4be,0,65f5d2a6eb7e,0,4
04579e31e4be,0,8c29a76fa08c,0,4
04579e31e4be,0,c446985355f1,0,4
04579e31e4be,0,f994a3b07935,0,4
04d029cfb612,2,524f240e0c90,2,4
050bb1eafa76,0,3ce2f8a77a32,0,4
05339950962e,0,799214e8b07c,0,4
054b1b305160,0,1b398c0494d1,0,4
054b1b305160,0,46acc506fa61,0,4
054b1b305160,0,81914ceb4e74,0,4
0551676cc2aa,0,15528e740543,2,4
05e9126dfa5c,0,5a0fe0ee4301,0,4
05e9126dfa5c,0,aabd867043cf,0,4
0709652336e2,0,1d74c4713e21,0,4
07751b94a88a,0,aafb0c944f14,0,4
07a0be6b347f,0,4c389d033cb0,0,4
07a0be6b347f,0,aeb6f4fd2eed,0,4
07a0e34c8d20,3,17d997fe1090,0,4
07d8db76b301,2,b927a9238434,2,4
0851d6a69589,0,1601c939412f,0,4
0851d6a69589,0,5a444c32cd9a,0,4
0851d6a69589,0,aa94cc4bfd84,0,4
0851d6a69589,0,c096131ad065,0,4
0851d6a69589,0,e66ad813a508,0,4
0851d6a69589,0,ed6bd9293a89,0,4
0851d6a69589,0,f5c953bee7cd,0,4
0851d6a69589,0,f9d52509c571,0,4
0851d6a69589,0,ffd97f8cd5aa,0,4
08bef347f40d,0,5077cdb88aed,0,4
08bef347f40d,0,5c817060c0ed,0,4
08bef347f40d,0,90a786abe58e,0,4
08bef347f40d,0,96ce10a1dbd7,0,4
08bef347f40d,0,9cf7c1349673,0,4
08bef347f40d,0,b5b913358b32,0,4
08bef347f40d,0,e01b7bac822b,0,4
08c17a2d95b7,2,d93b61dc8f64,0,4
08ee569d4721,0,19b0e3c734f5,0,4
08f8838d69bb,0,3f6c627e2ff2,0,4
08f8838d69bb,0,415f2d2bd2a1,0,4
08f8838d69bb,0,571bbdbf585e,0,4
08f8838d69bb,0,5d5b5da5f939,0,4
08f8838d69bb,0,7347bd23ba80,0,4
08f8838d69bb,0,912fbe06407e,0,4
08f8838d69bb,0,a2b995b81692,0,4
08f8838d69bb,0,d1afdb8cf70d,0,4
08f8838d69bb,0,ea5c42a78979,0,4
09237bf783a4,0,348598d01e18,0,4
09237bf783a4,0,3af9aaa880e9,0,4
09237bf783a4,0,3bf2deaa5ef0,0,4
093a42649c29,3,6cd606dc52e9,4,4
099021fac3c9,0,a1872f9c0cba,0,4
09c8323c612e,0,565f3404f9b2,0,4
09eeafa9656a,2,e499434242cc,2,4
0a38b552372d,0,415d5c5e785f,0,4
0a4e1a29ffff,0,266fbefa58fb,0,4
0a4e1a29ffff,0,4ab8c0cece7f,0,4
0a4e1a29ffff,0,529906ff9dfa,0,4
0a4e1a29ffff,0,67c03349bb31,2,4
0a4e1a29ffff,0,7ccf9d25dc48,0,4
0a4e1a29ffff,0,7d0a871c45db,0,4
0a4e1a29ffff,0,a76132e79688,0,4
0a74c92e287c,0,0d8f60ed9280,0,4
0a74c92e287c,0,260a455692b5,0,4
0a74c92e287c,0,7214fc7cbe03,0,4
0a74c92e287c,0,9287e57326d0,0,4
0a74c92e287c,0,c373b73a80c8,0,4
0a74c92e287c,0,ef247f28004f,0,4
0abf0c485f66,0,5db895d3f1fc,0,4
0abf0c485f66,0,cd314653a4d8,0,4
0ae2dd2e09ea,0,881ec6186e68,0,4
0af296d2f04a,2,49419f8d5cb4,2,4
0af296d2f04a,2,51030843fde2,2,4
0af296d2f04a,2,71a39c660432,3,4
0af296d2f04a,2,7d8f67cadc29,2,4
0af296d2f04a,2,8cb6b5b2f19c,2,4
0af296d2f04a,2,b7e0f95353f2,3,4
0af296d2f04a,2,f2ee81781411,2,4
0b2ea8f268cf,0,f8d62557ad0c,0,4
0b3efe669365,0,1f5496352859,0,4
0b3efe669365,0,26d9576e8043,0,4
0b3efe669365,0,991a0b7a8c87,0,4
0b3efe669365,0,a8854768549f,0,4
0b3efe669365,0,b16dd4483ca5,0,4
0b3efe669365,0,e2265c383348,0,4
0b3efe669365,0,ee77763a6afb,0,4
0b8bdec9d869,0,540e4973829e,0,4
0b8bdec9d869,0,bc8c6a778cde,0,4
0c38940e1f80,0,599498e9e4bc,0,4
0c76fd494af6,2,1d14dd912671,2,4
0c76fd494af6,2,29f44aea93a4,2,4
0c76fd494af6,2,7e6e90a93aa5,2,4
0c76fd494af6,2,d94e10f42861,2,4
0ca0aee4d57e,2,4029d70e9d8a,1,4
0cd31078cd08,0,248dec89b3a2,0,4
0cd31078cd08,0,436fa3fd145a,0,4
0cd31078cd08,0,a8aed92940fb,0,4
0cecc2864b7f,0,ca891d37a43c,2,4
0d8f60ed9280,0,9287e57326d0,0,4
0d8f60ed9280,0,9c6512166557,0,4
0d8f60ed9280,0,d4bc001f7224,0,4
0da09e3ce8f1,2,0fcfc6301f3d,2,4
0da09e3ce8f1,2,3ac3fbfca7d4,4,4
0da09e3ce8f1,2,4294a14c656a,3,4
0da09e3ce8f1,2,5c8482926a08,2,4
0da09e3ce8f1,2,ac2c814949f9,2,4
0da09e3ce8f1,2,bd9904495ccd,4,4
0da09e3ce8f1,2,c0a0828e01b4,3,4
0da09e3ce8f1,2,e6a58edc5b42,2,4
0daddc45d832,0,976082127e2a,0,4
0e3572b5884a,0,a2b995b81692,0,4
0e3572b5884a,0,c4aef0d88d1b,0,4
0e3572b5884a,0,dec5595e6154,0,4
0e94cd271c00,0,2927665214e1,0,4
0eff8eacb2f7,2,2d9d97a6e713,1,4
0fcfc6301f3d,2,4294a14c656a,3,4
0fcfc6301f3d,2,51030843fde2,2,4
0fcfc6301f3d,2,5c8482926a08,2,4
0fcfc6301f3d,2,996f57c86ba5,3,4
0fcfc6301f3d,2,a182b5b191de,4,4
0fcfc6301f3d,2,ac2c814949f9,2,4
0fcfc6301f3d,2,bd9904495ccd,4,4
0fcfc6301f3d,2,c0a0828e01b4,3,4
0fcfc6301f3d,2,e6a58edc5b42,2,4
10bf25731c08,0,393fa5a023a5,0,4
10bf25731c08,0,3c28fd846b43,0,4
10bf25731c08,0,62b826899151,0,4
10bf25731c08,0,71e43b4f8ba6,0,4
10bf25731c08,0,7e77b61e1639,0,4
10bf25731c08,0,aa94cc4bfd84,0,4
10bf25731c08,0,c096131ad065,0,4
10de500cf0c5,0,342edf9b889d,0,4
10de500cf0c5,0,d26bb2ed6e71,0,4
10f36b0239fb,1,1bf30c84bbad,4,4
10f36b0239fb,1,28824d12d31d,2,4
10f6ef37fe43,0,650104ede84c,0,4
10f6ef37fe43,0,fa9f1bc03f21,0,4
11d8e5eaee5b,0,7d94a000c2d0,0,4
12025b34deb8,2,ffec9a18a3ce,2,4
12058bbb8299,0,de55ed25e0e8,0,4
12058bbb8299,0,ec6f1797a25a,0,4
1269ab57c2e6,2,4f5dd7660b17,0,4
12ab2f6397f0,0,35df2bc6ae95,0,4
12ab2f6397f0,0,84b4da14bc23,0,4
12ab2f6397f0,0,dccdf750c962,0,4
12bc439d373a,0,57a710de68a4,0,4
12e3f5f2cb17,1,2d9d97a6e713,1,4
12ef75375322,0,15c24478ac72,0,4
12ef75375322,0,165c548185f8,0,4
12ef75375322,0,4926dea289f8,0,4
12ef75375322,0,73ba798fee25,0,4
12ef75375322,0,780f9daaa24b,0,4
12ef75375322,0,8e76054f0831,0,4
12ef75375322,0,946545473380,0,4
12ef75375322,0,99c6a123ed6a,0,4
12ef75375322,0,b7ce561a7328,0,4
12ef75375322,0,d16e59a2b33a,0,4
12ef75375322,0,d5b4705ac2ee,1,4
12ef75375322,0,e1dc02a3dc2a,0,4
12ef75375322,0,ec01f0862669,0,4
12ef75375322,0,ec6f1797a25a,0,4
12ef75375322,0,f09cfc6a4dbd,0,4
13d014ccd136,0,aafb0c944f14,0,4
1409ab48175a,0,d7ac4a0c9760,0,4
141735b57ec0,2,d29096bd94aa,2,4
143db89c11c8,0,5299a532f0e0,0,4
143db89c11c8,0,67c03349bb31,2,4
143db89c11c8,0,bf7b4eae7ad0,0,4
143db89c11c8,0,c6a8f8f998a2,0,4
144a1a426137,2,35df2bc6ae95,0,4
144a1a426137,2,6dc0281f11e3,0,4
144a1a426137,2,dccdf750c962,0,4
14c3b41d289c,0,d06ccd0cf4b8,1,4
1509d097b69a,0,15e24b73d4a7,0,4
1509d097b69a,0,3325b1fe55d2,0,4
1509d097b69a,0,3c28fd846b43,0,4
1509d097b69a,0,52edbe29d655,0,4
1509d097b69a,0,93d6d20a5ee3,0,4
1509d097b69a,0,b0f0fa677d5f,0,4
1509d097b69a,0,e66ad813a508,0,4
1509d097b69a,0,ed6bd9293a89,0,4
150fc7127582,0,191cf5668f33,0,4
150fc7127582,0,4e231670b48c,0,4
150fc7127582,0,a44345b27804,0,4
155e2df6bfcf,0,1d3e9b939732,0,4
155e2df6bfcf,0,3f6c627e2ff2,0,4
155e2df6bfcf,0,bfa30ebf63a8,0,4
15b21c80cc31,0,1f3f32efaf20,0,4
15b21c80cc31,0,4409965eb2a4,0,4
15b21c80cc31,0,8e67f2d7e0ee,0,4
15b21c80cc31,0,bd06028eb7dd,0,4
15b21c80cc31,0,c9e697117f3f,0,4
15b21c80cc31,0,cb2f3c5d71a7,1,4
15b21c80cc31,0,d5b4705ac2ee,1,4
15b21c80cc31,0,e135d7ba9a0e,0,4
15b21c80cc31,0,f09cfc6a4dbd,0,4
15b21c80cc31,0,f580566e27f5,0,4
15e24b73d4a7,0,3325b1fe55d2,0,4
15e24b73d4a7,0,504a69096fcb,0,4
15e24b73d4a7,0,6e44f6d04fc9,0,4
15e24b73d4a7,0,71e43b4f8ba6,0,4
15e24b73d4a7,0,b0b3b16fc305,0,4
15e24b73d4a7,0,baaca2f7e1f0,0,4
15e24b73d4a7,0,bb752b179751,0,4
15e24b73d4a7,0,dccdf750c962,0,4
15e24b73d4a7,0,ffd97f8cd5aa,0,4
15f8d769935c,0,780f9daaa24b,0,4
15f8d769935c,0,974c7d7b9c64,0,4
1601c939412f,0,5a444c32cd9a,0,4
1601c939412f,0,6f0e5848d9ce,0,4
1601c939412f,0,ac1667fac512,0,4
1601c939412f,0,f5c953bee7cd,0,4
16060f05d047,0,1b398c0494d1,0,4
16060f05d047,0,46acc506fa61,0,4
16060f05d047,0,81914ceb4e74,0,4
16060f05d047,0,c24bcf7a1bc4,0,4
16060f05d047,0,d6b109c82067,0,4
16060f05d047,0,d774692d9919,0,4
16060f05d047,0,fb88783de055,0,4
1608c82a263f,0,668e853258cd,2,4
1608c82a263f,0,fa0c87bd75ce,0,4
1623e8e3adc4,3,da8900ac7f29,2,4
165c548185f8,0,4cae247d9909,1,4
165c548185f8,0,5ad3dabeb2cd,0,4
165c548185f8,0,62b4be2799ca,0,4
165c548185f8,0,68987fb159ab,0,4
165c548185f8,0,73ba798fee25,0,4
165c548185f8,0,76095c338728,0,4
165c548185f8,0,84b79243e430,0,4
165c548185f8,0,9ac2e3e9fca5,0,4
165c548185f8,0,a61723fc38c2,0,4
165c548185f8,0,a86128b601a7,0,4
165c548185f8,0,b7ce561a7328,0,4
165c548185f8,0,bd34a0639575,0,4
165c548185f8,0,ec01f0862669,0,4
165c548185f8,0,eda1d75cbcf0,0,4
165c548185f8,0,ff631653374e,0,4
174db0854291,0,1ae3c58759fb,0,4
174db0854291,0,8d13c46e7d75,0,4
174db0854291,0,a07d9a5045cb,0,4
174db0854291,0,c56293f53191,0,4
174db0854291,0,d6df4fe492ec,0,4
17d7d6b092f4,0,8433a032b96c,0,4
17e6116b89b3,0,3abac0961bfd,0,4
17f6c7072f61,0,1c7a013eeba7,0,4
17f6c7072f61,0,415f2d2bd2a1,0,4
17f6c7072f61,0,5e5275ddee29,0,4
17f6c7072f61,0,6110ecb3bb1c,0,4
17f6c7072f61,0,9e2058917304,0,4
17f6c7072f61,0,9fa02dfb5553,0,4
17f6c7072f61,0,a2811f512c1c,0,4
17f6c7072f61,0,e4a44f9158dc,0,4
1864d3411143,0,540e4973829e,0,4
187f6ccda87a,4,c102db7634d8,1,4
188219f2d9c6,0,4a96c28f3f07,0,4
188219f2d9c6,0,5b47043942f4,0,4
188219f2d9c6,0,7c3747c0b2c3,0,4
188219f2d9c6,0,9870ce41cac4,0,4
188219f2d9c6,0,ccd6dcb2f568,0,4
188219f2d9c6,0,db3cd58aa315,0,4
189cbbc9e5e3,0,1cb6961d141c,0,4
189cbbc9e5e3,0,48a45619d1a3,0,4
189cbbc9e5e3,0,a9b3177f01c0,0,4
18b99159a14f,0,799214e8b07c,0,4
18b99159a14f,0,98e44127872f,0,4
190a309f2cc5,0,2b2f5a0f880d,0,4
191348830ddf,2,9cc6b1f9bcbd,4,4
191cf5668f33,0,4e231670b48c,0,4
191cf5668f33,0,a44345b27804,0,4
19244004583f,3,4e7694eebb91,2,4
19545647508e,0,f3b27ac2d371,0,4
19722bff5a09,1,2d9d97a6e713,1,4
19722bff5a09,1,ff4955e76894,0,4
1a0dbc6c0cda,0,7a39c91416e2,0,4
1a0dbc6c0cda,0,dfc7ec7db0e0,0,4
1a1e974a7dbf,0,52ddde91a349,0,4
1ae3c58759fb,0,8d13c46e7d75,0,4
1ae3c58759fb,0,c56293f53191,0,4
1ae8c165fd53,2,1c5e6cdc7ee1,2,4
1ae8c165fd53,2,2b88cb6e31cd,2,4
1ae8c165fd53,2,3ccf96c1dd6d,4,4
1ae8c165fd53,2,7c629b491d1a,4,4
1ae8c165fd53,2,b3c0c3330278,2,4
1ae8c165fd53,2,b927a9238434,2,4
1ae8c165fd53,2,bdff5d8bddf8,4,4
1ae8c165fd53,2,d83c3efade75,2,4
1b3647865779,0,22d843b2bbd1,0,4
1b3647865779,0,b64e1eef3d63,0,4
1b398c0494d1,0,266fbefa58fb,0,4
1b398c0494d1,0,3b9817a39adf,0,4
1b398c0494d1,0,475300735b7f,0,4
1b398c0494d1,0,4826d10030b3,0,4
1b398c0494d1,0,4aa3d771c5e4,0,4
1b398c0494d1,0,4d167ca69ea8,0,4
1b398c0494d1,0,5299a532f0e0,0,4
1b398c0494d1,0,883c6a184f16,0,4
1b398c0494d1,0,bf7b4eae7ad0,0,4
1b398c0494d1,0,c6a8f8f998a2,0,4
1b398c0494d1,0,d774692d9919,0,4
1b398c0494d1,0,e6552b7432b3,0,4
1b398c0494d1,0,fb88783de055,0,4
1b862fb6f65d,0,266fbefa58fb,0,4
1b862fb6f65d,0,4ab8c0cece7f,0,4
1b862fb6f65d,0,529906ff9dfa,0,4
1b862fb6f65d,0,67c03349bb31,2,4
1b862fb6f65d,0,7ccf9d25dc48,0,4
1b862fb6f65d,0,7d0a871c45db,0,4
1b862fb6f65d,0,a76132e79688,0,4
1b8701231c8f,0,dea7538bb91a,0,4
1bf30c84bbad,4,594f69b503ad,2,4
1bf30c84bbad,4,6cd606dc52e9,4,4
1bf30c84bbad,4,7335a2d43ada,1,4
1bf30c84bbad,4,c0f15fe3b4b7,1,4
1c0e5dd1b14c,2,6f0463c1ff18,2,4
1c0e5dd1b14c,2,af828dab3ffc,2,4
1c0e5dd1b14c,2,f2094a20b275,2,4
1c13a1483f4a,0,5d5b5da5f939,0,4
1c13a1483f4a,0,691eeb59b4cb,0,4
1c4f3aa4df06,4,8c87bd748996,2,4
1c5e6cdc7ee1,2,47e51065b819,2,4
1c5e6cdc7ee1,2,52886bed8a07,2,4
1c5e6cdc7ee1,2,aeed1f251ceb,4,4
1c5e6cdc7ee1,2,b0d35981708b,2,4
1c5e6cdc7ee1,2,c0a0828e01b4,3,4
1c5e6cdc7ee1,2,c87493ed320c,2,4
1c5e6cdc7ee1,2,e6a58edc5b42,2,4
1c5e6cdc7ee1,2,f2ee81781411,2,4
1c7a013eeba7,0,3f6c627e2ff2,0,4
1c7a013eeba7,0,415f2d2bd2a1,0,4
1c7a013eeba7,0,571bbdbf585e,0,4
1c7a013eeba7,0,5d6239c0fd39,0,4
1c7a013eeba7,0,763ad1236efe,0,4
1c7a013eeba7,0,7eeb191ad06b,0,4
1c7a013eeba7,0,9e2058917304,0,4
1c7a013eeba7,0,9fa02dfb5553,0,4
1c7a013eeba7,0,a2b995b81692,0,4
1c7a013eeba7,0,cd941e5bc659,0,4
1c7a013eeba7,0,d69698f838db,0,4
1c7a013eeba7,0,e4a44f9158dc,0,4
1ca91751be4d,0,393fa5a023a5,0,4
1ca91751be4d,0,c096131ad065,0,4
1cb6961d141c,0,5baed382f062,0,4
1cb6961d141c,0,6294b378d09f,0,4
1cb6961d141c,0,9870ce41cac4,0,4
1cb6961d141c,0,a9b3177f01c0,0,4
1cb6961d141c,0,ad6b07d5c338,0,4
1cc58b15f466,0,c31651ea04c6,3,4
1d14dd912671,2,29f44aea93a4,2,4
1d14dd912671,2,7e6e90a93aa5,2,4
1d2472849dce,0,356304d15a5c,0,4
1d2472849dce,0,64b9206afb3f,0,4
1d37f1c8b6d8,0,b66f23ffa730,0,4
1d3e9b939732,0,3f6c627e2ff2,0,4
1d3e9b939732,0,571bbdbf585e,0,4
1d3e9b939732,0,d1afdb8cf70d,0,4
1d3e9b939732,0,ea5c42a78979,0,4
1d674e2e32e0,1,6cd606dc52e9,4,4
1d74c4713e21,0,96ea316ed0ab,0,4
1da4a17c18c9,0,aafb0c944f14,0,4
1da4a17c18c9,0,aafe980edd0c,0,4
1da4a17c18c9,0,f36cb007a1ef,0,4
1db0393cdbc1,0,26d9576e8043,0,4
1db0393cdbc1,0,61d9c88a3a4b,0,4
1db0393cdbc1,0,67d8f94f04e0,0,4
1db0393cdbc1,0,d26bb2ed6e71,0,4
1db18bdd43aa,2,41960d5f58c2,0,4
1dd9adcbfff4,2,e1e490773462,2,4
1df1530b9b8d,0,38b9bb961847,1,4
1df1530b9b8d,0,5b32ece9c627,0,4
1df1530b9b8d,0,721214151233,0,4
1df1530b9b8d,0,82088c6734e6,0,4
1df1530b9b8d,0,94076a9fb9b5,0,4
1ec95179cdfe,0,ca891d37a43c,2,4
1eee55494271,0,4145dcb25053,0,4
1efa5d443707,4,8aab201c0691,2,4
1f0e223b8055,2,3218a6d8eb2c,3,4
1f3f32efaf20,0,4cae247d9909,1,4
1f3f32efaf20,0,73ba798fee25,0,4
1f3f32efaf20,0,75ed83dbccce,0,4
1f3f32efaf20,0,76095c338728,0,4
1f3f32efaf20,0,84b79243e430,0,4
1f3f32efaf20,0,8e67f2d7e0ee,0,4
1f3f32efaf20,0,99c6a123ed6a,0,4
1f3f32efaf20,0,bd34a0639575,0,4
1f3f32efaf20,0,bdf47b9f10c4,0,4
1f3f32efaf20,0,d5b4705ac2ee,1,4
1f3f32efaf20,0,e1dc02a3dc2a,0,4
1f3f32efaf20,0,f09cfc6a4dbd,0,4
1f4fb37e0854,0,44a4d04162cc,0,4
1f4fb37e0854,0,475300735b7f,0,4
1f4fb37e0854,0,5299a532f0e0,0,4
1f4fb37e0854,0,65a7fe9482fe,0,4
1f4fb37e0854,0,67c03349bb31,2,4
1f4fb37e0854,0,7ef5ff774a48,1,4
1f4fb37e0854,0,c6a8f8f998a2,0,4
1f5496352859,0,26d9576e8043,0,4
1f5496352859,0,b74de20d73de,0,4
1f5496352859,0,f431f2e119d7,0,4
1f9ccda4ddf2,0,b72f59b85f7c,0,4
1f9ccda4ddf2,0,de4cdabbce6d,0,4
207a580de0ea,2,a721efb1e049,2,4
207a580de0ea,2,dd110d2b8c21,2,4
207dd0487264,0,821789e9053f,1,4
207dd0487264,0,a384e688e228,0,4
21037f5c7790,0,a53d6d2472a6,0,4
218c822a3dd9,0,38f1901f214a,0,4
218c822a3dd9,0,ab653b8554c0,0,4
22d843b2bbd1,0,2cf18033da31,0,4
22d843b2bbd1,0,4c53cc97ea13,0,4
22d843b2bbd1,0,61d9c88a3a4b,0,4
22d843b2bbd1,0,b64e1eef3d63,0,4
22d843b2bbd1,0,d7a01fca9838,0,4
22d843b2bbd1,0,ee77763a6afb,0,4
23148a40ecb0,2,499c8df39222,4,4
23148a40ecb0,2,85cc6d636898,2,4
232549883508,2,4384fa687afa,2,4
232549883508,2,49d69c4c6290,2,4
232549883508,2,a2ddabee14e9,4,4
237c078d00fc,3,d3be5346684b,2,4
2399d68d407f,0,de18071c36e6,0,4
2399d68d407f,0,f952ad2e4356,0,4
242fc19be06f,0,356304d15a5c,0,4
242fc19be06f,0,705f508d1e42,0,4
242fc19be06f,0,d1b279cc02ae,0,4
242fc19be06f,0,f5733f77273d,0,4
2463bb04ebc3,2,4462fba1d2a1,4,4
248dec89b3a2,0,72606afaf3da,0,4
24b943fe725e,1,75238d945315,0,4
24b943fe725e,1,9a1029536d78,0,4
260a455692b5,0,9287e57326d0,0,4
260a455692b5,0,9c6512166557,0,4
260a455692b5,0,d4bc001f7224,0,4
2628305cbb29,4,3428230bf1bd,2,4
2628305cbb29,4,61bbe8db6f3a,1,4
2628305cbb29,4,c1799a6f5c65,4,4
2628305cbb29,4,f8cf7ed8ef00,4,4
266fbefa58fb,0,475300735b7f,0,4
266fbefa58fb,0,496155f71d0a,0,4
266fbefa58fb,0,4aa3d771c5e4,0,4
266fbefa58fb,0,4d167ca69ea8,0,4
266fbefa58fb,0,4e54ccfd49b2,0,4
266fbefa58fb,0,668a319c2d23,0,4
266fbefa58fb,0,67c03349bb31,2,4
266fbefa58fb,0,7d0a871c45db,0,4
266fbefa58fb,0,81914ceb4e74,0,4
266fbefa58fb,0,9f285b3e57ed,0,4
266fbefa58fb,0,a73d012c4c38,0,4
266fbefa58fb,0,ab653b8554c0,0,4
266fbefa58fb,0,acf976efd7ce,0,4
266fbefa58fb,0,bf7b4eae7ad0,0,4
266fbefa58fb,0,bffca6eeb2bf,0,4
266fbefa58fb,0,c24bcf7a1bc4,0,4
266fbefa58fb,0,d6b109c82067,0,4
266fbefa58fb,0,d774692d9919,0,4
26cd40b57ad1,0,86410aa13b3e,0,4
26cd40b57ad1,0,b460ca9fa26f,0,4
26d9576e8043,0,331121c65e88,0,4
26d9576e8043,0,61d9c88a3a4b,0,4
26d9576e8043,0,67d8f94f04e0,0,4
26d9576e8043,0,69c4cbb630de,0,4
26d9576e8043,0,a0e635689259,0,4
26fc2358a38d,0,495106ae3b68,0,4
26fc2358a38d,0,4a05f81b3aba,0,4
26fc2358a38d,0,cc964bf04dbc,0,4
26fc2358a38d,0,f4ea2a2cfbb9,0,4
2735be026d44,2,384631079d1e,1,4
2735be026d44,2,b49b2fac2514,4,4
2735be026d44,2,d6228d951958,2,4
274f4de2a59d,0,934104859e68,0,4
2776d70724d3,2,e499434242cc,2,4
27933cdbe0cc,0,3f5b4c2948e8,2,4
27933cdbe0cc,0,504a69096fcb,0,4
27933cdbe0cc,0,52edbe29d655,0,4
27933cdbe0cc,0,6e44f6d04fc9,0,4
27933cdbe0cc,0,71e43b4f8ba6,0,4
27933cdbe0cc,0,b0b3b16fc305,0,4
27933cdbe0cc,0,b0f0fa677d5f,0,4
27933cdbe0cc,0,baaca2f7e1f0,0,4
27933cdbe0cc,0,dccdf750c962,0,4
27933cdbe0cc,0,f90f8931a9bc,0,4
28a4d00927b7,2,5548a7961a3e,1,4
28a4d00927b7,2,77a1f1398fdb,0,4
28dc010a0780,0,5264a54e1830,0,4
28dc010a0780,0,a384e688e228,0,4
29192375ab1b,0,7828dd083cdc,0,4
29192375ab1b,0,eabf421f94d0,0,4
29d059522fa1,0,b2b7ccd34cbd,0,4
29f44aea93a4,2,2cef97083e6f,2,4
29f44aea93a4,2,6dcde47060f9,2,4
29f44aea93a4,2,b468ebf5cb11,2,4
2a08ed6bbcbc,1,36041171f441,1,4
2a08ed6bbcbc,1,873dcc0b468f,4,4
2a2a6435f7f3,0,5d5b5da5f939,0,4
2a2a6435f7f3,0,763ad1236efe,0,4
2a2a6435f7f3,0,87a9f4d20f07,0,4
2a4520f1f9a3,0,359bab5d784b,0,4
2a4520f1f9a3,0,7828dd083cdc,0,4
2a4520f1f9a3,0,7d94a000c2d0,0,4
2a4520f1f9a3,0,eabf421f94d0,0,4
2b48daf24be0,3,3a1ecf5e2839,4,4
2b48daf24be0,3,3c311c9109b0,2,4
2b48daf24be0,3,4ecd1fdd1435,1,4
2b4c7b5f1f1e,0,2eba4279e503,0,4
2b5bb6d33959,0,9287e57326d0,0,4
2b5bb6d33959,0,e087bd4b88f2,0,4
2b88cb6e31cd,2,3ccf96c1dd6d,4,4
2bb063318cf1,3,b468ebf5cb11,2,4
2bb063318cf1,3,ca9c912ebad7,2,4
2c8101f14723,0,6bf2a81a5d91,0,4
2c9dfc270f1b,0,57db4781e7ec,0,4
2cdcc910778d,0,bd375ba756b1,0,4
2cef97083e6f,2,7e6e90a93aa5,2,4
2cef97083e6f,2,8dfff47b06b7,2,4
2cef97083e6f,2,af831c158744,2,4
2cf18033da31,0,b64e1eef3d63,0,4
2d3f4094c08a,0,6294b378d09f,0,4
2da82d14e1b7,0,aa4407aab872,0,4
2dd28ac497d2,0,4e54ccfd49b2,0,4
2dd28ac497d2,0,9ce46d400cd6,0,4
2dd28ac497d2,0,acf976efd7ce,0,4
2eba4279e503,0,835b9f6e12ba,0,4
2eba4279e503,0,9d75de31f1b8,0,4
2eba4279e503,0,c98f623d08d1,0,4
2f284b6a1940,4,6762b2b48ea5,1,4
2f284b6a1940,4,a15470303941,2,4
2f9b66784109,2,b0d35981708b,2,4
2fdfb80ea53c,0,535682537302,0,4
300305ce82d2,2,56e56aa08362,2,4
300305ce82d2,2,a8c54e2a4b79,1,4
318eb706a134,0,7635921c5efb,0,4
3286073a976e,0,8e67f2d7e0ee,0,4
3286073a976e,0,f580566e27f5,0,4
32a3eb37ff40,2,86fbac86ed3e,2,4
32d7d360d891,0,62b4be2799ca,0,4
32d7d360d891,0,b5bf7b84fc66,0,4
32ed318235b8,0,aa94cc4bfd84,0,4
32ed318235b8,0,cc964bf04dbc,0,4
331121c65e88,0,342edf9b889d,0,4
331121c65e88,0,61d9c88a3a4b,0,4
331121c65e88,0,d26bb2ed6e71,0,4
331121c65e88,0,f952ad2e4356,0,4
3325b1fe55d2,0,52edbe29d655,0,4
3325b1fe55d2,0,7526c59c36d3,0,4
3325b1fe55d2,0,973b0facfa9b,0,4
3325b1fe55d2,0,9c893e16c055,0,4
3325b1fe55d2,0,a5c9a8c726b2,4,4
3325b1fe55d2,0,b0f0fa677d5f,0,4
3325b1fe55d2,0,bb752b179751,0,4
3325b1fe55d2,0,ffd97f8cd5aa,0,4
33b978734eab,0,ee77763a6afb,0,4
33e8e26a75d4,2,6028a575dc27,1,4
342edf9b889d,0,3ce2f8a77a32,0,4
342edf9b889d,0,c23ff6dcf15e,0,4
348598d01e18,0,461fa5292fda,0,4
348598d01e18,0,7af4d8704032,0,4
348598d01e18,0,840a06a9c690,0,4
34a7dbd3f05c,0,f819c65b803c,0,4
351e842842a2,0,a8263d248523,0,4
351e842842a2,0,bfb578c0e8d8,0,4
356304d15a5c,0,367c7049929c,2,4
356304d15a5c,0,64b9206afb3f,0,4
356304d15a5c,0,a987aa7aac37,0,4
35777eb7859d,0,61f403fdb434,4,4
35777eb7859d,0,fd62bd0db4f1,1,4
3599029efeb3,0,44976c3b11a6,0,4
359bab5d784b,0,7828dd083cdc,0,4
359bab5d784b,0,d51e5d7484ea,0,4
35ac70c0d08f,0,d1ca85af57c9,0,4
35df2bc6ae95,0,c704bd669f36,0,4
35df2bc6ae95,0,dccdf750c962,0,4
360832d84ce0,0,4ccee4db09b6,0,4
365f8c01d994,1,4a5a6efc0bef,0,4
365f8c01d994,1,4e1e252317b5,0,4
367c7049929c,2,d1b279cc02ae,0,4
369229040a34,0,3cab32dd6ef9,0,4
370f575adb23,0,38c7153457e2,0,4
370f575adb23,0,dfc7ec7db0e0,0,4
370f575adb23,0,e7291472109b,0,4
370f575adb23,0,fd0a70082e7c,0,4
37c523296d42,0,38c7153457e2,0,4
37c523296d42,0,7ce671f952be,0,4
37c523296d42,0,d6f6bdfd8011,0,4
37c523296d42,0,e60e4edb3ca9,0,4
37c523296d42,0,eda29a9d78f3,0,4
3810040096cb,4,71a39c660432,3,4
3810040096cb,4,8cb6b5b2f19c,2,4
384db24ebbd7,0,3908b3cfd620,0,4
384db24ebbd7,0,6110ecb3bb1c,0,4
384db24ebbd7,0,ef4121e9bb67,0,4
384db24ebbd7,0,fa9f1bc03f21,0,4
389552047476,0,5a0fe0ee4301,0,4
389552047476,0,757e39293591,0,4
38b9bb961847,1,5b32ece9c627,0,4
38b9bb961847,1,82088c6734e6,0,4
38b9bb961847,1,8e67f2d7e0ee,0,4
38b9bb961847,1,d5b4705ac2ee,1,4
38b9bb961847,1,de55ed25e0e8,0,4
38b9bb961847,1,f09cfc6a4dbd,0,4
38c7153457e2,0,4927945ecfed,0,4
38c7153457e2,0,5ca779ace6e7,0,4
38c7153457e2,0,7ce671f952be,0,4
38c7153457e2,0,878e356c8fc9,0,4
38c7153457e2,0,90a786abe58e,0,4
38c7153457e2,0,941d874c8afb,0,4
38c7153457e2,0,9cf7c1349673,0,4
38c7153457e2,0,e01b7bac822b,0,4
38c7153457e2,0,e7291472109b,0,4
38f1901f214a,0,da9574d35b82,0,4
3908b3cfd620,0,6110ecb3bb1c,0,4
3908b3cfd620,0,ef4121e9bb67,0,4
3908b3cfd620,0,fa9f1bc03f21,0,4
393fa5a023a5,0,71e43b4f8ba6,0,4
393fa5a023a5,0,bb752b179751,0,4
3a1ecf5e2839,4,4ecd1fdd1435,1,4
3a1ecf5e2839,4,9a94e0316ee3,3,4
3ac3fbfca7d4,4,5265dc9acdf8,2,4
3ac3fbfca7d4,4,7c90ab025331,4,4
3af9aaa880e9,0,3bf2deaa5ef0,0,4
3af9aaa880e9,0,52ddde91a349,0,4
3af9aaa880e9,0,6a57a3db3eff,0,4
3af9aaa880e9,0,6f0e5848d9ce,0,4
3af9aaa880e9,0,883ddb650967,0,4
3af9aaa880e9,0,fdc685055659,0,4
3b0190bbe615,0,461fa5292fda,0,4
3b0190bbe615,0,840a06a9c690,0,4
3b0190bbe615,0,9122b31414d3,0,4
3b0190bbe615,0,98e44127872f,0,4
3b0190bbe615,0,a53d6d2472a6,0,4
3b0190bbe615,0,e59c5f345bb0,0,4
3b0190bbe615,0,ea9c41e1ced0,0,4
3b0190bbe615,0,fdc685055659,0,4
3b9817a39adf,0,46acc506fa61,0,4
3b9817a39adf,0,501c319f7a9f,0,4
3b9817a39adf,0,81914ceb4e74,0,4
3b9817a39adf,0,d6b109c82067,0,4
3b9817a39adf,0,e6552b7432b3,0,4
3bf2deaa5ef0,0,52ddde91a349,0,4
3bf2deaa5ef0,0,840a06a9c690,0,4
3bf2deaa5ef0,0,9122b31414d3,0,4
3bf2deaa5ef0,0,b9bc81fcb075,0,4
3c28fd846b43,0,93d6d20a5ee3,0,4
3c28fd846b43,0,ac1667fac512,0,4
3c28fd846b43,0,e66ad813a508,0,4
3c28fd846b43,0,ed6bd9293a89,0,4
3c28fd846b43,0,ffd97f8cd5aa,0,4
3c311c9109b0,2,9a94e0316ee3,3,4
3c726de3ee90,1,56e56aa08362,2,4
3c726de3ee90,1,c80f79579fed,2,4
3c72f580d4ba,1,5f4a8c074bd5,0,4
3c72f580d4ba,1,7adfb8fc0621,0,4
3c72f580d4ba,1,a6731dd737af,0,4
3c72f580d4ba,1,b294927b14b0,0,4
3c9529918097,0,c56293f53191,0,4
3ca8be3b40d6,0,3ce2f8a77a32,0,4
3cab32dd6ef9,0,7ae69d22075a,1,4
3cab32dd6ef9,0,b71428739d4e,1,4
3cab32dd6ef9,0,d7ac4a0c9760,0,4
3cab32dd6ef9,0,f3b27ac2d371,0,4
3ccf96c1dd6d,4,7c629b491d1a,4,4
3ccf96c1dd6d,4,b927a9238434,2,4
3d663a6a50a3,2,4926dea289f8,0,4
3f49f8d100e9,3,5905a9b06a73,2,4
3f49f8d100e9,3,9ba469af2980,0,4
3f49f8d100e9,3,aa60813e1a8d,0,4
3f5b4c2948e8,2,6e44f6d04fc9,0,4
3f5b4c2948e8,2,aa94cc4bfd84,0,4
3f5b4c2948e8,2,baaca2f7e1f0,0,4
3f6c627e2ff2,0,4cfd22ae43d4,0,4
3f6c627e2ff2,0,5d5b5da5f939,0,4
3f6c627e2ff2,0,5d6239c0fd39,0,4
3f6c627e2ff2,0,a2b995b81692,0,4
3f6c627e2ff2,0,d1afdb8cf70d,0,4
3f6c627e2ff2,0,d69698f838db,0,4
3f6c627e2ff2,0,e4a44f9158dc,0,4
3f6c627e2ff2,0,ea5c42a78979,0,4
3f6c627e2ff2,0,eda29a9d78f3,0,4
3f73c91b7e32,1,76e589911303,1,4
3f98be586fe3,0,461fa5292fda,0,4
3f98be586fe3,0,7526c59c36d3,0,4
3f98be586fe3,0,840a06a9c690,0,4
3f98be586fe3,0,a53d6d2472a6,0,4
4029d70e9d8a,1,82bb8a01935f,4,4
4029d70e9d8a,1,8eeac97f02f0,4,4
41345cec5957,0,eeaea2c5ff34,0,4
4145dcb25053,0,484dbeb9bf2a,0,4
4145dcb25053,0,c90c6b94cf40,0,4
4145dcb25053,0,df9cb3729eb1,0,4
415f2d2bd2a1,0,571bbdbf585e,0,4
415f2d2bd2a1,0,5d6239c0fd39,0,4
415f2d2bd2a1,0,5e5275ddee29,0,4
415f2d2bd2a1,0,68ddb15a74de,0,4
415f2d2bd2a1,0,691eeb59b4cb,0,4
415f2d2bd2a1,0,912fbe06407e,0,4
415f2d2bd2a1,0,9fa02dfb5553,0,4
415f2d2bd2a1,0,a2b995b81692,0,4
415f2d2bd2a1,0,bfa30ebf63a8,0,4
415f2d2bd2a1,0,d1afdb8cf70d,0,4
415f2d2bd2a1,0,d69698f838db,0,4
415f2d2bd2a1,0,e4a44f9158dc,0,4
42b93b574f23,2,aaaadb174012,0,4
42b9c1977681,0,9fa02dfb5553,0,4
42c65af5ab16,0,e33766353db2,0,4
4350a1b2f3cb,0,461fa5292fda,0,4
4350a1b2f3cb,0,51a078d6d43a,0,4
4350a1b2f3cb,0,7526c59c36d3,0,4
4350a1b2f3cb,0,80c67efc8101,0,4
4350a1b2f3cb,0,8fbb2ca39911,0,4
4350a1b2f3cb,0,a53d6d2472a6,0,4
4350a1b2f3cb,0,e150935f66a6,2,4
4350a1b2f3cb,0,f90f8931a9bc,0,4
4350a1b2f3cb,0,fdc685055659,0,4
435414ccccf7,0,65cf00be6fb4,0,4
435414ccccf7,0,ab3c505b624f,0,4
435414ccccf7,0,c373b73a80c8,0,4
435414ccccf7,0,e087bd4b88f2,0,4
436fa3fd145a,0,4c53cc97ea13,0,4
4409965eb2a4,0,bd06028eb7dd,0,4
4409965eb2a4,0,c9e697117f3f,0,4
4409965eb2a4,0,d5b4705ac2ee,1,4
4409965eb2a4,0,e135d7ba9a0e,0,4
4409965eb2a4,0,f4d3169b468a,0,4
441117562359,2,518e880613de,4,4
441117562359,2,650fbed3fdca,2,4
441117562359,2,b99c825b93c5,2,4
4462fba1d2a1,4,64a13949e879,2,4
4462fba1d2a1,4,af828dab3ffc,2,4
4462fba1d2a1,4,f2094a20b275,2,4
4464bb62bf20,0,e26bcae6c67b,0,4
4478b870e549,2,89ee1fa16f90,2,4
4478b870e549,2,e7a372a1c3a4,2,4
44878f34e31f,0,bf87aedf2489,0,4
44a4d04162cc,0,46acc506fa61,0,4
44a4d04162cc,0,496155f71d0a,0,4
44a4d04162cc,0,4aa3d771c5e4,0,4
44a4d04162cc,0,4e54ccfd49b2,0,4
44a4d04162cc,0,61c667663f2f,0,4
44a4d04162cc,0,63b71347e95d,0,4
44a4d04162cc,0,65a7fe9482fe,0,4
44a4d04162cc,0,67c03349bb31,2,4
44a4d04162cc,0,7d0a871c45db,0,4
44a4d04162cc,0,883c6a184f16,0,4
44a4d04162cc,0,a73d012c4c38,0,4
44a4d04162cc,0,acf976efd7ce,0,4
44a4d04162cc,0,b8dab47a260e,0,4
44a4d04162cc,0,bf7b4eae7ad0,0,4
44a4d04162cc,0,bffca6eeb2bf,0,4
44a4d04162cc,0,e6552b7432b3,0,4
44a4d04162cc,0,ec01f0862669,0,4
44e0d56e9d42,2,6b128e648646,3,4
4528fbbd43a3,0,82e5bc01f8a4,0,4
4528fbbd43a3,0,c5bec7f1e5f3,0,4
4528fbbd43a3,0,e3b47ed5b511,0,4
453d553b0a94,2,873dcc0b468f,4,4
45693d027798,0,5ad3dabeb2cd,0,4
45693d027798,0,68987fb159ab,0,4
45693d027798,0,780f9daaa24b,0,4
45693d027798,0,eda1d75cbcf0,0,4
45ae04cfde5d,2,5a5d3798c357,2,4
461fa5292fda,0,98e44127872f,0,4
461fa5292fda,0,9985375d709f,0,4
461fa5292fda,0,fdc685055659,0,4
46acc506fa61,0,475300735b7f,0,4
46acc506fa61,0,496155f71d0a,0,4
46acc506fa61,0,4aa3d771c5e4,0,4
46acc506fa61,0,4d167ca69ea8,0,4
46acc506fa61,0,4e54ccfd49b2,0,4
46acc506fa61,0,501c319f7a9f,0,4
46acc506fa61,0,5299a532f0e0,0,4
46acc506fa61,0,a73d012c4c38,0,4
46acc506fa61,0,acf976efd7ce,0,4
46acc506fa61,0,bf7b4eae7ad0,0,4
46acc506fa61,0,c24bcf7a1bc4,0,4
46acc506fa61,0,c6a8f8f998a2,0,4
46acc506fa61,0,fb88783de055,0,4
4704dbb59536,0,fc898dfeb24f,0,4
4731e708ede3,0,5baed382f062,0,4
4731e708ede3,0,6294b378d09f,0,4
475300735b7f,0,4826d10030b3,0,4
475300735b7f,0,496155f71d0a,0,4
475300735b7f,0,65a7fe9482fe,0,4
475300735b7f,0,67c03349bb31,2,4
475300735b7f,0,81914ceb4e74,0,4
475300735b7f,0,9f285b3e57ed,0,4
475300735b7f,0,b2b7ccd34cbd,0,4
475300735b7f,0,b8dab47a260e,0,4
475300735b7f,0,bf7b4eae7ad0,0,4
475300735b7f,0,c24bcf7a1bc4,0,4
475300735b7f,0,ec01f0862669,0,4
47536db39f00,0,eedae6b28f96,0,4
47e51065b819,2,bcdc8db5423b,2,4
4826d10030b3,0,496155f71d0a,0,4
4826d10030b3,0,5299a532f0e0,0,4
4826d10030b3,0,67c03349bb31,2,4
4826d10030b3,0,81914ceb4e74,0,4
4826d10030b3,0,c6a8f8f998a2,0,4
484dbeb9bf2a,0,b842b43cb7fb,0,4
484dbeb9bf2a,0,c90c6b94cf40,0,4
48a45619d1a3,0,a9b3177f01c0,0,4
48a45619d1a3,0,f26b02ead915,0,4
48afe8c47454,2,8eb3337a54e9,2,4
48afe8c47454,2,9033f1493da1,2,4
48afe8c47454,2,cd29c88c9e36,2,4
48afe8c47454,2,d6e26fe51dce,1,4
48afe8c47454,2,f5e9a307288c,2,4
4926dea289f8,0,4cae247d9909,1,4
4926dea289f8,0,65a7fe9482fe,0,4
4926dea289f8,0,67c03349bb31,2,4
4926dea289f8,0,73ba798fee25,0,4
4926dea289f8,0,76095c338728,0,4
4926dea289f8,0,84b79243e430,0,4
4926dea289f8,0,946545473380,0,4
4926dea289f8,0,9ac2e3e9fca5,0,4
4926dea289f8,0,b7ce561a7328,0,4
4926dea289f8,0,bd34a0639575,0,4
4926dea289f8,0,c6d4e4a3bd4c,0,4
4926dea289f8,0,ec01f0862669,0,4
4927945ecfed,0,90a786abe58e,0,4
4927945ecfed,0,9cf7c1349673,0,4
4927945ecfed,0,ce6f33a81ad5,0,4
4927945ecfed,0,e01b7bac822b,0,4
4927945ecfed,0,fd0a70082e7c,0,4
49419f8d5cb4,2,b0d35981708b,2,4
49419f8d5cb4,2,b7e0f95353f2,3,4
49419f8d5cb4,2,f2ee81781411,2,4
495106ae3b68,0,4a05f81b3aba,0,4
495106ae3b68,0,59bd19c1c5bb,0,4
495106ae3b68,0,cc964bf04dbc,0,4
495106ae3b68,0,db52626d450c,0,4
496155f71d0a,0,4d167ca69ea8,0,4
496155f71d0a,0,4e54ccfd49b2,0,4
496155f71d0a,0,67c03349bb31,2,4
496155f71d0a,0,883c6a184f16,0,4
496155f71d0a,0,9f285b3e57ed,0,4
496155f71d0a,0,a73d012c4c38,0,4
496155f71d0a,0,acf976efd7ce,0,4
496155f71d0a,0,c24bcf7a1bc4,0,4
496155f71d0a,0,d6b109c82067,0,4
496155f71d0a,0,e6552b7432b3,0,4
4982378d72f9,0,e2265c383348,0,4
4982378d72f9,0,f431f2e119d7,0,4
49eb73968c44,0,a627eb8c08c5,0,4
4a05f81b3aba,0,59bd19c1c5bb,0,4
4a05f81b3aba,0,cc964bf04dbc,0,4
4a1afe4044f4,0,f2c0b41acd05,0,4
4a4cb731f91a,0,7269a1d84a57,0,4
4a5a6efc0bef,0,4e1e252317b5,0,4
4a96c28f3f07,0,7c3747c0b2c3,0,4
4aa3d771c5e4,0,4d167ca69ea8,0,4
4aa3d771c5e4,0,5299a532f0e0,0,4
4aa3d771c5e4,0,63b71347e95d,0,4
4aa3d771c5e4,0,668a319c2d23,0,4
4aa3d771c5e4,0,81914ceb4e74,0,4
4aa3d771c5e4,0,8660e1864665,0,4
4aa3d771c5e4,0,9f285b3e57ed,0,4
4aa3d771c5e4,0,c24bcf7a1bc4,0,4
4aa3d771c5e4,0,c6a8f8f998a2,0,4
4ab8c0cece7f,0,4e54ccfd49b2,0,4
4ab8c0cece7f,0,529906ff9dfa,0,4
4ab8c0cece7f,0,7ccf9d25dc48,0,4
4ab8c0cece7f,0,87295c5fa1cc,0,4
4b6895d0cf8d,0,7179f85bfd6f,0,4
4b6cb0bcfd44,0,66460ecab347,0,4
4b6cb0bcfd44,0,7569ac24762e,0,4
4c389d033cb0,0,d1f7ea924a01,0,4
4cae247d9909,1,75ed83dbccce,0,4
4cae247d9909,1,76095c338728,0,4
4cae247d9909,1,84b79243e430,0,4
4cae247d9909,1,8b079e79035f,0,4
4cae247d9909,1,9ac2e3e9fca5,0,4
4cae247d9909,1,b8dab47a260e,0,4
4cae247d9909,1,bd34a0639575,0,4
4cae247d9909,1,bdf47b9f10c4,0,4
4cae247d9909,1,c2f3281cf528,0,4
4cae247d9909,1,ec01f0862669,0,4
4ce74e5eb51d,2,64a13949e879,2,4
4ce74e5eb51d,2,a804cef3e51f,2,4
4ce74e5eb51d,2,af828dab3ffc,2,4
4ce74e5eb51d,2,ca9c912ebad7,2,4
4ce74e5eb51d,2,f2094a20b275,2,4
4cfd22ae43d4,0,691eeb59b4cb,0,4
4cfd22ae43d4,0,bfa30ebf63a8,0,4
4d167ca69ea8,0,5299a532f0e0,0,4
4d167ca69ea8,0,668a319c2d23,0,4
4d167ca69ea8,0,81914ceb4e74,0,4
4d167ca69ea8,0,883c6a184f16,0,4
4d167ca69ea8,0,9f285b3e57ed,0,4
4d167ca69ea8,0,bf7b4eae7ad0,0,4
4d167ca69ea8,0,c6a8f8f998a2,0,4
4d167ca69ea8,0,e6552b7432b3,0,4
4d17559ac1e2,0,55f7f018c61c,0,4
4d1cf360b2d7,2,547b37da9223,2,4
4dd4a4bf2421,0,e3b47ed5b511,0,4
4e231670b48c,0,a44345b27804,0,4
4e54ccfd49b2,0,5299a532f0e0,0,4
4e54ccfd49b2,0,67c03349bb31,2,4
4e54ccfd49b2,0,7d0a871c45db,0,4
4e54ccfd49b2,0,883c6a184f16,0,4
4e54ccfd49b2,0,9f285b3e57ed,0,4
4e54ccfd49b2,0,a73d012c4c38,0,4
4e54ccfd49b2,0,acf976efd7ce,0,4
4e54ccfd49b2,0,bf7b4eae7ad0,0,4
4e54ccfd49b2,0,bffca6eeb2bf,0,4
4e54ccfd49b2,0,c6a8f8f998a2,0,4
4e54ccfd49b2,0,e6552b7432b3,0,4
4e7694eebb91,2,ca63fe4f4b52,1,4
4e82c3c8d31f,1,a3fcf42ff56d,4,4
4e85aa647534,0,76cb010f7aa0,0,4
4eaf2f81819d,0,875d2ffcbf47,0,4
4ecd1fdd1435,1,9a94e0316ee3,3,4
4ef16a53d899,0,675de69373f8,0,4
4f5dd7660b17,0,6762b2b48ea5,1,4
4f5dd7660b17,0,6f923b60934b,4,4
4f5dd7660b17,0,9782c0489eca,1,4
4f5dd7660b17,0,f0800723bc63,2,4
4f60129e9a5b,2,6e68e742f5bc,2,4
4fef9ed8a4c5,3,b83a6eca125f,2,4
4fef9ed8a4c5,3,c80f79579fed,2,4
4fef9ed8a4c5,3,d28bd830c171,2,4
4fef9ed8a4c5,3,ff344e5c9341,2,4
500aad15b7c8,0,810ed108f5b7,0,4
500aad15b7c8,0,f02956bd7c50,0,4
501c319f7a9f,0,668a319c2d23,0,4
501c319f7a9f,0,7ccf9d25dc48,0,4
501c319f7a9f,0,a76132e79688,0,4
504a69096fcb,0,58a9e0d7f7af,0,4
504a69096fcb,0,71e43b4f8ba6,0,4
504a69096fcb,0,84b4da14bc23,0,4
504a69096fcb,0,b0f0fa677d5f,0,4
504a69096fcb,0,baaca2f7e1f0,0,4
504a69096fcb,0,ed6bd9293a89,0,4
504a69096fcb,0,f5c953bee7cd,0,4
5077cdb88aed,0,5c817060c0ed,0,4
5077cdb88aed,0,90a786abe58e,0,4
5078caaf1f57,0,86d58f850a0c,0,4
50840c36f0b4,1,e9ab8413e771,4,4
50a2aef380c8,3,5c8482926a08,2,4
50a2aef380c8,3,7bda86d95c5b,2,4
50a2aef380c8,3,a14fcf84bfe1,3,4
50a2aef380c8,3,f025f33b2c9b,4,4
50d8249f7bc9,0,5db895d3f1fc,0,4
50d8249f7bc9,0,f4874247ede6,0,4
51030843fde2,2,7d8f67cadc29,2,4
51030843fde2,2,bd9904495ccd,4,4
51030843fde2,2,c0a0828e01b4,3,4
51269b77d312,3,ed6704e3b72e,3,4
513b0a4651fa,1,5b32ece9c627,0,4
5188a8afa879,2,74418f620068,2,4
518e880613de,4,b99c825b93c5,2,4
51a078d6d43a,0,80c67efc8101,0,4
51a078d6d43a,0,8fbb2ca39911,0,4
51a078d6d43a,0,973b0facfa9b,0,4
51a078d6d43a,0,a53d6d2472a6,0,4
51a078d6d43a,0,e150935f66a6,2,4
51a078d6d43a,0,fdc685055659,0,4
51af8a689511,0,9688c6ef5dc5,0,4
523b3f0fc646,1,55f7f018c61c,0,4
524f240e0c90,2,7c629b491d1a,4,4
524f240e0c90,2,d83c3efade75,2,4
525d0dd8dc45,0,63b71347e95d,0,4
525d0dd8dc45,0,b67ae80f7eba,0,4
5264a54e1830,0,7e980424868e,0,4
5264a54e1830,0,b10fca20c885,0,4
5265dc9acdf8,2,b7e0f95353f2,3,4
5288f7441f64,0,5d9c841eb245,0,4
529906ff9dfa,0,668a319c2d23,0,4
529906ff9dfa,0,8660e1864665,0,4
529906ff9dfa,0,ab653b8554c0,0,4
529906ff9dfa,0,e16af45285e5,0,4
529906ff9dfa,0,e5f73f2855c0,0,4
5299a532f0e0,0,63b71347e95d,0,4
5299a532f0e0,0,65a7fe9482fe,0,4
5299a532f0e0,0,668a319c2d23,0,4
5299a532f0e0,0,7d0a871c45db,0,4
5299a532f0e0,0,81914ceb4e74,0,4
5299a532f0e0,0,883c6a184f16,0,4
5299a532f0e0,0,9f285b3e57ed,0,4
5299a532f0e0,0,a73d012c4c38,0,4
5299a532f0e0,0,ab653b8554c0,0,4
5299a532f0e0,0,acf976efd7ce,0,4
5299a532f0e0,0,b8dab47a260e,0,4
5299a532f0e0,0,bffca6eeb2bf,0,4
5299a532f0e0,0,c24bcf7a1bc4,0,4
5299a532f0e0,0,e6552b7432b3,0,4
5299a532f0e0,0,ec01f0862669,0,4
52ddde91a349,0,840a06a9c690,0,4
52ddde91a349,0,9122b31414d3,0,4
52ddde91a349,0,d74ccc796517,0,4
52ddde91a349,0,f4df3d86688d,0,4
52edbe29d655,0,6e44f6d04fc9,0,4
52edbe29d655,0,bb752b179751,0,4
52edbe29d655,0,ffd97f8cd5aa,0,4
5327f88a1919,2,a4d41c495666,2,4
540e4973829e,0,cd66754e1b3b,0,4
542964865b1e,0,d911dd40c63b,0,4
545df1bbcd61,1,5b32ece9c627,0,4
545df1bbcd61,1,63c0eafd6aa9,0,4
545df1bbcd61,1,9a1029536d78,0,4
549381330191,0,e4ae1ee6aada,0,4
54f57cf26126,0,98d41bce73a8,0,4
5548a7961a3e,1,5905a9b06a73,2,4
5548a7961a3e,1,77a1f1398fdb,0,4
5548a7961a3e,1,785777558f05,4,4
5548a7961a3e,1,cd01672507c9,0,4
565f3404f9b2,0,5f4a8c074bd5,0,4
565f3404f9b2,0,86410aa13b3e,0,4
565f3404f9b2,0,976082127e2a,0,4
565f3404f9b2,0,b460ca9fa26f,0,4
565f3404f9b2,0,e82232a3c28b,0,4
56e56aa08362,2,a8c54e2a4b79,1,4
56e56aa08362,2,c80f79579fed,2,4
56e56aa08362,2,ce207b69ff37,3,4
571bbdbf585e,0,9fa02dfb5553,0,4
571bbdbf585e,0,a2b995b81692,0,4
5814cbd2e9bf,0,82088c6734e6,0,4
5814cbd2e9bf,0,8d13c46e7d75,0,4
5814cbd2e9bf,0,c56293f53191,0,4
58184d6fd087,1,d868acdccb5b,3,4
586f5c56081e,0,6c9c902a97de,0,4
586f5c56081e,0,6d6be4cfc73f,0,4
58c12863f33d,0,705f508d1e42,0,4
58eb3809f456,0,d516f77d4516,0,4
58f07741ee3b,0,a06b353e7bed,0,4
5905a9b06a73,2,785777558f05,4,4
5995321563b7,0,b92eacd1392a,0,4
59bd19c1c5bb,0,cc964bf04dbc,0,4
59bd19c1c5bb,0,f4ea2a2cfbb9,0,4
59f3f70abddd,2,b7e0f95353f2,3,4
5a11d21c2828,2,b49b2fac2514,4,4
5a444c32cd9a,0,6155cf375354,0,4
5a444c32cd9a,0,c096131ad065,0,4
5a444c32cd9a,0,ebf4b22240f4,0,4
5a444c32cd9a,0,f64b6e85f1c9,0,4
5ad3dabeb2cd,0,62b4be2799ca,0,4
5ad3dabeb2cd,0,63c0eafd6aa9,0,4
5ad3dabeb2cd,0,780f9daaa24b,0,4
5ad3dabeb2cd,0,a86128b601a7,0,4
5ad3dabeb2cd,0,b22cc1bf0b8a,0,4
5ad3dabeb2cd,0,e12df54e0d1e,0,4
5ad3dabeb2cd,0,ff631653374e,0,4
5b32ece9c627,0,6bb30ec3231a,0,4
5b32ece9c627,0,902dc5a91a3f,0,4
5b32ece9c627,0,9a1029536d78,0,4
5b32ece9c627,0,c1819db0aece,0,4
5b3d41626ec5,0,7347bd23ba80,0,4
5b3d41626ec5,0,a2b995b81692,0,4
5b3d41626ec5,0,d1b279cc02ae,0,4
5b47043942f4,0,7c3747c0b2c3,0,4
5b47043942f4,0,9870ce41cac4,0,4
5b804948e35f,1,726dff37edc0,0,4
5baed382f062,0,8f06ca4642bd,0,4
5baed382f062,0,9858cc2ae073,0,4
5baed382f062,0,a9b3177f01c0,0,4
5baed382f062,0,ad6b07d5c338,0,4
5baed382f062,0,c23ff6dcf15e,0,4
5baed382f062,0,f26b02ead915,0,4
5c817060c0ed,0,5d5b5da5f939,0,4
5c817060c0ed,0,dec5595e6154,0,4
5c817060c0ed,0,fa7fa797c650,0,4
5c8482926a08,2,bd9904495ccd,4,4
5c8482926a08,2,c0a0828e01b4,3,4
5c8482926a08,2,e6a58edc5b42,2,4
5ca779ace6e7,0,90a786abe58e,0,4
5ca779ace6e7,0,e01b7bac822b,0,4
5d5b5da5f939,0,66bfec8d6bcd,0,4
5d5b5da5f939,0,7347bd23ba80,0,4
5d5b5da5f939,0,763ad1236efe,0,4
5d5b5da5f939,0,87a9f4d20f07,0,4
5d5b5da5f939,0,a1822dd8d05d,0,4
5d5b5da5f939,0,a2b995b81692,0,4
5d5b5da5f939,0,d69698f838db,0,4
5d5b5da5f939,0,e4a44f9158dc,0,4
5d6239c0fd39,0,691eeb59b4cb,0,4
5d6239c0fd39,0,763ad1236efe,0,4
5d6239c0fd39,0,7eeb191ad06b,0,4
5d6239c0fd39,0,9e2058917304,0,4
5d6239c0fd39,0,9fa02dfb5553,0,4
5d6239c0fd39,0,b835b6e31a59,0,4
5d6239c0fd39,0,e4a44f9158dc,0,4
5db895d3f1fc,0,6bf2a81a5d91,0,4
5db895d3f1fc,0,af87d48ffe01,0,4
5e5275ddee29,0,a2811f512c1c,0,4
5e5275ddee29,0,e4a44f9158dc,0,4
5e5275ddee29,0,fbdc796290d4,0,4
5e97cb2b0888,0,97a235367f9d,0,4
5e97cb2b0888,0,eabc7c716255,0,4
5f4a8c074bd5,0,8b568d47a1fd,0,4
5f4a8c074bd5,0,e82232a3c28b,0,4
5fcff7280019,0,96793edb1003,0,4
5fcff7280019,0,9f285b3e57ed,0,4
6028a575dc27,1,68332fdcaa70,1,4
6110ecb3bb1c,0,d1ca85af57c9,0,4
6110ecb3bb1c,0,fa9f1bc03f21,0,4
6155cf375354,0,79cbae28d8b2,0,4
6155cf375354,0,fa573163dd8b,0,4
61c667663f2f,0,65a7fe9482fe,0,4
61c667663f2f,0,9ac2e3e9fca5,0,4
61c667663f2f,0,9ce46d400cd6,0,4
61c667663f2f,0,ab653b8554c0,0,4
61c667663f2f,0,b598bc9753c2,0,4
61c667663f2f,0,c2f3281cf528,0,4
61d9c88a3a4b,0,d26bb2ed6e71,0,4
628b581aa905,0,c23ff6dcf15e,0,4
628b581aa905,0,f952ad2e4356,0,4
6294b378d09f,0,8f06ca4642bd,0,4
6294b378d09f,0,a9b3177f01c0,0,4
6294b378d09f,0,ad6b07d5c338,0,4
6294b378d09f,0,c23ff6dcf15e,0,4
6294b378d09f,0,f26b02ead915,0,4
62b4be2799ca,0,63c0eafd6aa9,0,4
62b4be2799ca,0,780f9daaa24b,0,4
62b4be2799ca,0,7d0a871c45db,0,4
62b4be2799ca,0,87295c5fa1cc,0,4
62b4be2799ca,0,8ead8f37423c,0,4
62b4be2799ca,0,946545473380,0,4
62b4be2799ca,0,a61723fc38c2,0,4
62b4be2799ca,0,a86128b601a7,0,4
62b4be2799ca,0,b5bf7b84fc66,0,4
62b4be2799ca,0,b8dab47a260e,0,4
62b4be2799ca,0,e12df54e0d1e,0,4
62b4be2799ca,0,eda1d75cbcf0,0,4
62b4be2799ca,0,fe3f62695b2d,0,4
62b4be2799ca,0,ff631653374e,0,4
62b826899151,0,aa4407aab872,0,4
62b826899151,0,fa573163dd8b,0,4
62cc7ddb53b6,2,97bf61736b86,2,4
62cc7ddb53b6,2,c8823cdaf7fa,2,4
62cc7ddb53b6,2,d28bd830c171,2,4
62cc7ddb53b6,2,ff344e5c9341,2,4
6324d77cf926,0,763ad1236efe,0,4
6324d77cf926,0,9e2058917304,0,4
6324d77cf926,0,9fa02dfb5553,0,4
6324d77cf926,0,a2b995b81692,0,4
6324d77cf926,0,a85cda5f725d,0,4
6324d77cf926,0,d1b279cc02ae,0,4
6324d77cf926,0,d69698f838db,0,4
63b71347e95d,0,65a7fe9482fe,0,4
63b71347e95d,0,67c03349bb31,2,4
63b71347e95d,0,9f285b3e57ed,0,4
63b71347e95d,0,b2b7ccd34cbd,0,4
63b71347e95d,0,b67ae80f7eba,0,4
63b71347e95d,0,c6a8f8f998a2,0,4
63c0eafd6aa9,0,68987fb159ab,0,4
63c0eafd6aa9,0,780f9daaa24b,0,4
63c0eafd6aa9,0,9a1029536d78,0,4
63c0eafd6aa9,0,b22cc1bf0b8a,0,4
63c0eafd6aa9,0,c1819db0aece,0,4
63c0eafd6aa9,0,e12df54e0d1e,0,4
650104ede84c,0,a2b995b81692,0,4
650104ede84c,0,d6dbb0820ea5,0,4
6531070bf03c,2,ccd34029493d,2,4
65a7fe9482fe,0,9ac2e3e9fca5,0,4
65a7fe9482fe,0,9ce46d400cd6,0,4
65a7fe9482fe,0,ab653b8554c0,0,4
65a7fe9482fe,0,c6a8f8f998a2,0,4
65cf00be6fb4,0,810ed108f5b7,0,4
65cf00be6fb4,0,9f1b14dfa14c,0,4
65cf00be6fb4,0,d7078e8b0349,0,4
65cf00be6fb4,0,e087bd4b88f2,0,4
65cf00be6fb4,0,ef247f28004f,0,4
65e51e18242b,1,b17f0b81dab3,1,4
65f5d2a6eb7e,0,aabd867043cf,0,4
663a923d5398,2,7a6e384a0846,3,4
66460ecab347,0,894a37fc3738,0,4
664b1f9a2087,4,9eaac43744f5,2,4
668a319c2d23,0,8660e1864665,0,4
668a319c2d23,0,bf7b4eae7ad0,0,4
668a319c2d23,0,c6a8f8f998a2,0,4
668e853258cd,2,bfb578c0e8d8,0,4
66bfec8d6bcd,0,691eeb59b4cb,0,4
66bfec8d6bcd,0,cd941e5bc659,0,4
674057ab250c,2,a76132e79688,0,4
6762b2b48ea5,1,83e529e95b0e,1,4
6762b2b48ea5,1,bb5083fae98f,3,4
6762b2b48ea5,1,c9d42d7534e0,2,4
67c03349bb31,2,9f285b3e57ed,0,4
67c03349bb31,2,ab653b8554c0,0,4
67c03349bb31,2,bf7b4eae7ad0,0,4
67c03349bb31,2,e16af45285e5,0,4
67d8f94f04e0,0,ee77763a6afb,0,4
67ed8cc78b97,0,9287e57326d0,0,4
67ed8cc78b97,0,9c6512166557,0,4
67ed8cc78b97,0,bd375ba756b1,0,4
6810410187a0,2,b65ff67743b2,2,4
686ed1dbae20,2,7d261f986bef,2,4
68987fb159ab,0,73ba798fee25,0,4
68987fb159ab,0,76095c338728,0,4
68987fb159ab,0,7d0a871c45db,0,4
68987fb159ab,0,84b79243e430,0,4
68987fb159ab,0,88e4399d207c,0,4
68987fb159ab,0,8ead8f37423c,0,4
68987fb159ab,0,946545473380,0,4
68987fb159ab,0,a61723fc38c2,0,4
68987fb159ab,0,b22cc1bf0b8a,0,4
68987fb159ab,0,b8dab47a260e,0,4
68987fb159ab,0,bd34a0639575,0,4
68987fb159ab,0,d16e59a2b33a,0,4
68987fb159ab,0,de55ed25e0e8,0,4
68987fb159ab,0,eda1d75cbcf0,0,4
68ddb15a74de,0,9fa02dfb5553,0,4
691eeb59b4cb,0,763ad1236efe,0,4
691eeb59b4cb,0,a2b995b81692,0,4
691eeb59b4cb,0,e4a44f9158dc,0,4
691eeb59b4cb,0,eda29a9d78f3,0,4
691eeb59b4cb,0,f1d719c97838,0,4
697538183db5,3,e4f12411fd85,4,4
69c4cbb630de,0,a0e635689259,0,4
6a2642131e4a,0,8aa3c4681542,0,4
6b30767595d8,0,d4bc001f7224,0,4
6b3860e8f64f,0,c9e697117f3f,0,4
6b3860e8f64f,0,d1ca85af57c9,0,4
6b3860e8f64f,0,e135d7ba9a0e,0,4
6b91e99c9408,0,e4f12411fd85,4,4
6bb30ec3231a,0,8d13c46e7d75,0,4
6bf2a81a5d91,0,a0e635689259,0,4
6bf2a81a5d91,0,cd314653a4d8,0,4
6bf2a81a5d91,0,ddb222ff7c1d,0,4
6bf2a81a5d91,0,f4874247ede6,0,4
6c9c902a97de,0,870f433e8f37,0,4
6cb96a6fb029,0,7f6690fa390a,0,4
6cb96a6fb029,0,af87d48ffe01,0,4
6cd606dc52e9,4,8eeac97f02f0,4,4
6cd606dc52e9,4,b2748ac28fc1,2,4
6d4f6c9a8406,0,97d02a9b94f7,0,4
6d4f6c9a8406,0,aabd867043cf,0,4
6d6fcf49e515,0,7e77b61e1639,0,4
6dc0281f11e3,0,84b4da14bc23,0,4
6dc0281f11e3,0,dccdf750c962,0,4
6dc07f968794,0,b7a1bb106051,0,4
6dcde47060f9,2,7e6e90a93aa5,2,4
6e092caa065f,0,7adfb8fc0621,0,4
6e092caa065f,0,8aa3c4681542,0,4
6e44f6d04fc9,0,71e43b4f8ba6,0,4
6e44f6d04fc9,0,ffd97f8cd5aa,0,4
6e68e742f5bc,2,e5d56f4f359b,2,4
6e73acb2cf60,4,a00b4cb250a7,1,4
6f0463c1ff18,2,f2094a20b275,2,4
6f0e5848d9ce,0,71e43b4f8ba6,0,4
6f0e5848d9ce,0,c096131ad065,0,4
6f0e5848d9ce,0,f5c953bee7cd,0,4
6f689fced922,0,bebfbd907cac,0,4
6fbaaf8eb67a,0,726dff37edc0,0,4
6fe67fd7f5d1,0,c096131ad065,0,4
70ed3ec68b94,2,a0267206d51e,2,4
7131bf4c9e6f,0,e5de79795c1d,0,4
7179f85bfd6f,0,8e67f2d7e0ee,0,4
7179f85bfd6f,0,bd06028eb7dd,0,4
7179f85bfd6f,0,c18a006f7f1d,0,4
7179f85bfd6f,0,dea7538bb91a,0,4
7179f85bfd6f,0,f762c272c522,1,4
71a39c660432,3,7bda86d95c5b,2,4
71a39c660432,3,b0d35981708b,2,4
71a39c660432,3,bd9904495ccd,4,4
71e43b4f8ba6,0,b0f0fa677d5f,0,4
71e43b4f8ba6,0,baaca2f7e1f0,0,4
71e43b4f8ba6,0,bb752b179751,0,4
71e43b4f8ba6,0,c096131ad065,0,4
720b5f62ce80,0,76df141d966b,0,4
720b5f62ce80,0,9c6512166557,0,4
720b5f62ce80,0,a06e5ac695ce,0,4
720b5f62ce80,0,ab88081e5654,0,4
721214151233,0,80b5697f2a5e,0,4
721214151233,0,a07d9a5045cb,0,4
721214151233,0,c56293f53191,0,4
7214fc7cbe03,0,9287e57326d0,0,4
7214fc7cbe03,0,be3a7d9e981e,0,4
7214fc7cbe03,0,c373b73a80c8,0,4
7214fc7cbe03,0,e087bd4b88f2,0,4
726dff37edc0,0,969f92a390db,0,4
726dff37edc0,0,a8b3c0961d42,0,4
726dff37edc0,0,ac0a48ccbf70,0,4
726dff37edc0,0,e30a890600e1,0,4
7270367410a1,4,e6a58edc5b42,2,4
7347bd23ba80,0,87a9f4d20f07,0,4
7347bd23ba80,0,96ce10a1dbd7,0,4
7347bd23ba80,0,9fa02dfb5553,0,4
7347bd23ba80,0,b5b913358b32,0,4
7347bd23ba80,0,c4aef0d88d1b,0,4
7347bd23ba80,0,d6dbb0820ea5,0,4
7347bd23ba80,0,fa7fa797c650,0,4
73ba798fee25,0,946545473380,0,4
73ba798fee25,0,99c6a123ed6a,0,4
73ba798fee25,0,a86128b601a7,0,4
73ba798fee25,0,b7ce561a7328,0,4
73ba798fee25,0,bdf47b9f10c4,0,4
73ba798fee25,0,d9ad2a0ec026,0,4
73ba798fee25,0,de55ed25e0e8,0,4
73ba798fee25,0,e1dc02a3dc2a,0,4
73ba798fee25,0,f09cfc6a4dbd,0,4
73ba798fee25,0,ff631653374e,0,4
73ef3c3dcbe4,0,da9574d35b82,0,4
74418f620068,2,82deb07a6618,2,4
74418f620068,2,8eb3337a54e9,2,4
74418f620068,2,ba25f947f4ec,2,4
74418f620068,2,d6e26fe51dce,1,4
750e0168399d,0,af87d48ffe01,0,4
750e0168399d,0,bb85097857fa,0,4
75238d945315,0,9a1029536d78,0,4
75238d945315,0,ca891d37a43c,2,4
7526c59c36d3,0,973b0facfa9b,0,4
7526c59c36d3,0,9985375d709f,0,4
7526c59c36d3,0,a1b28bcbce00,0,4
7526c59c36d3,0,e632e38fd2d4,0,4
756b0d6488bb,1,fe37f4492920,2,4
75ed83dbccce,0,8e67f2d7e0ee,0,4
75ed83dbccce,0,e1dc02a3dc2a,0,4
75ed83dbccce,0,f580566e27f5,0,4
76095c338728,0,780f9daaa24b,0,4
76095c338728,0,8e67f2d7e0ee,0,4
76095c338728,0,8e76054f0831,0,4
76095c338728,0,946545473380,0,4
76095c338728,0,99c6a123ed6a,0,4
76095c338728,0,a86128b601a7,0,4
76095c338728,0,b7ce561a7328,0,4
76095c338728,0,d16e59a2b33a,0,4
76095c338728,0,d5b4705ac2ee,1,4
76095c338728,0,e12df54e0d1e,0,4
76095c338728,0,e1dc02a3dc2a,0,4
76095c338728,0,ec01f0862669,0,4
76095c338728,0,ec6f1797a25a,0,4
76095c338728,0,ff631653374e,0,4
763ad1236efe,0,7eeb191ad06b,0,4
763ad1236efe,0,9e2058917304,0,4
763ad1236efe,0,9fa02dfb5553,0,4
763ad1236efe,0,a2b995b81692,0,4
763ad1236efe,0,a85cda5f725d,0,4
763ad1236efe,0,da9fe02dead3,0,4
763ad1236efe,0,e4a44f9158dc,0,4
76cab26493f1,0,cd3fd04d72f5,2,4
76df141d966b,0,ab88081e5654,0,4
76e6a9238570,2,df84e7113003,4,4
77a1f1398fdb,0,9ba469af2980,0,4
77acc2cafee1,0,916915f01e17,0,4
77e7c7a160c8,2,d30d079e6f9a,0,4
780f9daaa24b,0,84b79243e430,0,4
780f9daaa24b,0,a86128b601a7,0,4
780f9daaa24b,0,bd34a0639575,0,4
780f9daaa24b,0,ec6f1797a25a,0,4
780f9daaa24b,0,eda1d75cbcf0,0,4
780f9daaa24b,0,ff631653374e,0,4
7828dd083cdc,0,7d94a000c2d0,0,4
7828dd083cdc,0,eabf421f94d0,0,4
788ddb0b70b7,3,af6a1508cd95,0,4
789434d095d1,4,905cc86bf100,4,4
789434d095d1,4,d6e26fe51dce,1,4
789434d095d1,4,eba3acc42197,1,4
79059d0592c4,2,8eb3337a54e9,2,4
7a42443ed106,0,a7c10ca6c117,0,4
7a42443ed106,0,bd06028eb7dd,0,4
7a42443ed106,0,d5b4705ac2ee,1,4
7adfb8fc0621,0,b294927b14b0,0,4
7adfb8fc0621,0,f4df3d86688d,0,4
7ae69d22075a,1,aafe980edd0c,0,4
7ae69d22075a,1,d7ac4a0c9760,0,4
7b87b0015282,0,8185ce1cdcef,0,4
7b87b0015282,0,83df53d58f28,0,4
7b87b0015282,0,bf9cba745efc,2,4
7b87b0015282,0,cd941e5bc659,0,4
7bc00e58d419,0,9122b31414d3,0,4
7bc00e58d419,0,a7b03e58a6e1,0,4
7bc00e58d419,0,fed5bb685832,0,4
7bda86d95c5b,2,bd9904495ccd,4,4
7bda86d95c5b,2,f025f33b2c9b,4,4
7c3747c0b2c3,0,98277aeb96a7,0,4
7c3747c0b2c3,0,a9b3177f01c0,0,4
7c3747c0b2c3,0,a9e3d186cd1b,0,4
7c629b491d1a,4,b3c0c3330278,2,4
7c629b491d1a,4,d83c3efade75,2,4
7c90ab025331,4,7d8f67cadc29,2,4
7c90ab025331,4,bd9904495ccd,4,4
7ccf9d25dc48,0,96793edb1003,0,4
7ce671f952be,0,878e356c8fc9,0,4
7ce671f952be,0,dfc7ec7db0e0,0,4
7ce671f952be,0,e60e4edb3ca9,0,4
7ce671f952be,0,e7291472109b,0,4
7ce671f952be,0,eda29a9d78f3,0,4
7d0a871c45db,0,87295c5fa1cc,0,4
7d0a871c45db,0,a73d012c4c38,0,4
7d0a871c45db,0,acf976efd7ce,0,4
7d0a871c45db,0,bffca6eeb2bf,0,4
7d0a871c45db,0,c6a8f8f998a2,0,4
7d0a871c45db,0,e16af45285e5,0,4
7d261f986bef,2,f2094a20b275,2,4
7d8f67cadc29,2,bd9904495ccd,4,4
7d8f67cadc29,2,c0a0828e01b4,3,4
7d94a000c2d0,0,dec5595e6154,0,4
7da558d92100,0,9870ce41cac4,0,4
7da558d92100,0,af87d48ffe01,0,4
7da558d92100,0,e5f332efcbc7,0,4
7e4019ac7f5a,4,999115d9386b,2,4
7e6e90a93aa5,2,b468ebf5cb11,2,4
7e980424868e,0,a384e688e228,0,4
7ec0e61a7e29,0,e4d3d437b0a8,0,4
7ee6de71c140,0,ec0c9f817b03,0,4
7eeb191ad06b,0,9e2058917304,0,4
7eeb191ad06b,0,9fa02dfb5553,0,4
7eeb191ad06b,0,cd941e5bc659,0,4
7eeb191ad06b,0,d69698f838db,0,4
7eeb191ad06b,0,e4a44f9158dc,0,4
7f60f2a083d3,1,d18b1d8ac4de,2,4
7f6690fa390a,0,af87d48ffe01,0,4
7f6690fa390a,0,c0a117de7d0a,0,4
7f6690fa390a,0,ddb222ff7c1d,0,4
7fe7309d0b4f,0,875d2ffcbf47,0,4
80b5697f2a5e,0,8d13c46e7d75,0,4
80c67efc8101,0,835b9f6e12ba,0,4
80c67efc8101,0,874f8c1929f6,0,4
80c67efc8101,0,8fbb2ca39911,0,4
80c67efc8101,0,973b0facfa9b,0,4
80c67efc8101,0,a53d6d2472a6,0,4
80c67efc8101,0,ad93d88c87ea,0,4
80c67efc8101,0,bb752b179751,0,4
80ed04a84a16,0,a821b6ecef33,0,4
80f6b30ece8c,0,c5b58cc992af,0,4
810ed108f5b7,0,aec51513cf45,0,4
810ed108f5b7,0,e087bd4b88f2,0,4
8114d6a160df,1,e38f3a65b02b,1,4
81704925f759,0,bd375ba756b1,0,4
8185ce1cdcef,0,cd941e5bc659,0,4
81914ceb4e74,0,883c6a184f16,0,4
81914ceb4e74,0,bf7b4eae7ad0,0,4
81914ceb4e74,0,c6a8f8f998a2,0,4
81914ceb4e74,0,d774692d9919,0,4
81914ceb4e74,0,e6552b7432b3,0,4
81914ceb4e74,0,fb88783de055,0,4
82088c6734e6,0,c56293f53191,0,4
821789e9053f,1,c98f623d08d1,0,4
821789e9053f,1,e4ae1ee6aada,0,4
82e5bc01f8a4,0,958c1fa044ba,0,4
82e5bc01f8a4,0,e3b47ed5b511,0,4
835b9f6e12ba,0,973b0facfa9b,0,4
835b9f6e12ba,0,9985375d709f,0,4
835b9f6e12ba,0,ad93d88c87ea,0,4
835b9f6e12ba,0,e150935f66a6,2,4
83a63c4a3e4a,0,a44345b27804,0,4
840a06a9c690,0,9122b31414d3,0,4
840a06a9c690,0,973b0facfa9b,0,4
840a06a9c690,0,a53d6d2472a6,0,4
840a06a9c690,0,d667af5742f6,0,4
8421107255ae,2,a0d04a19cf40,2,4
84b4da14bc23,0,b0b3b16fc305,0,4
84b4da14bc23,0,baaca2f7e1f0,0,4
84b4da14bc23,0,c704bd669f36,0,4
84b4da14bc23,0,dccdf750c962,0,4
84b79243e430,0,8e67f2d7e0ee,0,4
84b79243e430,0,8e76054f0831,0,4
84b79243e430,0,946545473380,0,4
84b79243e430,0,99c6a123ed6a,0,4
84b79243e430,0,a86128b601a7,0,4
84b79243e430,0,b7ce561a7328,0,4
84b79243e430,0,d16e59a2b33a,0,4
84b79243e430,0,d5b4705ac2ee,1,4
84b79243e430,0,e12df54e0d1e,0,4
84b79243e430,0,e1dc02a3dc2a,0,4
84b79243e430,0,ec01f0862669,0,4
84b79243e430,0,ec6f1797a25a,0,4
84b79243e430,0,ff631653374e,0,4
84b88e8d3bca,0,d6130f2ec903,0,4
85cc6d636898,2,d7e5fe5245e0,0,4
85cc6d636898,2,eaa0dfbd5024,4,4
85fce24084da,2,91e8af9ceee9,2,4
85fce24084da,2,eadfc8809ec8,2,4
86410aa13b3e,0,976082127e2a,0,4
86410aa13b3e,0,a484bdf85b4c,0,4
86410aa13b3e,0,b460ca9fa26f,0,4
8660e1864665,0,9f285b3e57ed,0,4
8693ab1fd2be,0,a8b3c0961d42,0,4
8693ab1fd2be,0,ac0a48ccbf70,0,4
86fbac86ed3e,2,fca931da5c5e,1,4
87295c5fa1cc,0,88e4399d207c,0,4
874f8c1929f6,0,9985375d709f,0,4
874f8c1929f6,0,9c893e16c055,0,4
874f8c1929f6,0,b0f0fa677d5f,0,4
876e1dd12d38,2,b0d35981708b,2,4
878e356c8fc9,0,e7291472109b,0,4
87a9f4d20f07,0,b5b913358b32,0,4
87a9f4d20f07,0,c4aef0d88d1b,0,4
87a9f4d20f07,0,d6dbb0820ea5,0,4
881ec6186e68,0,8a482c024fc2,0,4
883c6a184f16,0,9f285b3e57ed,0,4
883c6a184f16,0,a73d012c4c38,0,4
883c6a184f16,0,ab653b8554c0,0,4
883c6a184f16,0,bf7b4eae7ad0,0,4
883c6a184f16,0,c6a8f8f998a2,0,4
883c6a184f16,0,d6b109c82067,0,4
883ddb650967,0,9688c6ef5dc5,0,4
883ddb650967,0,e82232a3c28b,0,4
883ddb650967,0,f4df3d86688d,0,4
8846b09384a4,0,9ba469af2980,0,4
8846b09384a4,0,dcc6c0ad5cad,0,4
8860c7b11530,2,bda8c973b09d,2,4
88e4399d207c,0,fe3f62695b2d,0,4
8ab8d9b3ce3f,2,bdff5d8bddf8,4,4
8acdf12f412a,0,999ad827ed35,0,4
8b079e79035f,0,c2f3281cf528,0,4
8b568d47a1fd,0,976082127e2a,0,4
8b568d47a1fd,0,e82232a3c28b,0,4
8b58f9a338e8,0,fbfa925506f6,0,4
8b8fe3fc8950,0,956765d5f46d,0,4
8bf2d925dc0c,0,b5b913358b32,0,4
8bf2d925dc0c,0,d6dbb0820ea5,0,4
8cb6b5b2f19c,2,a721efb1e049,2,4
8cb6b5b2f19c,2,b7e0f95353f2,3,4
8cb6b5b2f19c,2,bd9904495ccd,4,4
8cb6b5b2f19c,2,c613db1cab27,2,4
8cb6b5b2f19c,2,f2ee81781411,2,4
8ceff4c4c860,0,a1eb88562239,0,4
8d13c46e7d75,0,a07d9a5045cb,0,4
8d13c46e7d75,0,c56293f53191,0,4
8d13c46e7d75,0,d6df4fe492ec,0,4
8dfff47b06b7,2,d94e10f42861,2,4
8e63fc4ab532,2,d6e26fe51dce,1,4
8e67f2d7e0ee,0,9a1029536d78,0,4
8e67f2d7e0ee,0,9b70f84400af,0,4
8e67f2d7e0ee,0,b085caa513a8,0,4
8e67f2d7e0ee,0,bd06028eb7dd,0,4
8e67f2d7e0ee,0,bd34a0639575,0,4
8e67f2d7e0ee,0,c9e697117f3f,0,4
8e67f2d7e0ee,0,e135d7ba9a0e,0,4
8e67f2d7e0ee,0,f762c272c522,1,4
8e76054f0831,0,b2b7ccd34cbd,0,4
8e76054f0831,0,b8dab47a260e,0,4
8e76054f0831,0,bd34a0639575,0,4
8e76054f0831,0,ec01f0862669,0,4
8ead8f37423c,0,a96ff96bbae5,0,4
8ead8f37423c,0,e12df54e0d1e,0,4
8eb3337a54e9,2,9033f1493da1,2,4
8eb3337a54e9,2,cd29c88c9e36,2,4
8eb3337a54e9,2,d6e26fe51dce,1,4
8eb3337a54e9,2,eba3acc42197,1,4
8f06ca4642bd,0,98277aeb96a7,0,4
8f06ca4642bd,0,ad6b07d5c338,0,4
8f06ca4642bd,0,f26b02ead915,0,4
8fbb2ca39911,0,973b0facfa9b,0,4
8fbb2ca39911,0,9985375d709f,0,4
8fbb2ca39911,0,e150935f66a6,2,4
8fd7ad26e691,4,a95858e052d6,1,4
8fd7ad26e691,4,ca9c912ebad7,2,4
902dc5a91a3f,0,a8dea22ef903,0,4
9033f1493da1,2,99e8bf998285,2,4
9033f1493da1,2,f5e9a307288c,2,4
905cc86bf100,4,a8c54e2a4b79,1,4
905cc86bf100,4,d6e26fe51dce,1,4
90a786abe58e,0,fd0a70082e7c,0,4
90a9a41eec6d,0,dea7538bb91a,0,4
9122b31414d3,0,a7b03e58a6e1,0,4
9122b31414d3,0,d667af5742f6,0,4
91e8af9ceee9,2,e6f0ce5bf282,2,4
921433215353,2,abf09c44d5f4,2,4
921433215353,2,af828dab3ffc,2,4
921433215353,2,cd29c88c9e36,2,4
921433215353,2,d6e26fe51dce,1,4
9287e57326d0,0,ab03d50bba2f,0,4
9287e57326d0,0,bd375ba756b1,0,4
9287e57326d0,0,be3a7d9e981e,0,4
9287e57326d0,0,c373b73a80c8,0,4
9287e57326d0,0,e087bd4b88f2,0,4
9287e57326d0,0,ef247f28004f,0,4
92889b863ae6,0,d7bc62d60e8c,0,4
93802d1e3c41,0,be197b663520,0,4
93d6d20a5ee3,0,973b0facfa9b,0,4
93d6d20a5ee3,0,b0f0fa677d5f,0,4
94076a9fb9b5,0,a88365134c3c,0,4
941d874c8afb,0,9cf7c1349673,0,4
941d874c8afb,0,e01b7bac822b,0,4
946545473380,0,a61723fc38c2,0,4
946545473380,0,a86128b601a7,0,4
946545473380,0,b7ce561a7328,0,4
946545473380,0,bd34a0639575,0,4
946545473380,0,ec01f0862669,0,4
946545473380,0,ff631653374e,0,4
958c1fa044ba,0,a0b7ad98df57,0,4
958c1fa044ba,0,e3b47ed5b511,0,4
959dc602febc,2,fc1b1841eadf,2,4
96793edb1003,0,a76132e79688,0,4
969f92a390db,0,ac0a48ccbf70,0,4
96ce10a1dbd7,0,9fa02dfb5553,0,4
96ce10a1dbd7,0,a2b995b81692,0,4
96ce10a1dbd7,0,b5b913358b32,0,4
96ce10a1dbd7,0,fa7fa797c650,0,4
973b0facfa9b,0,a53d6d2472a6,0,4
973b0facfa9b,0,ad93d88c87ea,0,4
973b0facfa9b,0,b0f0fa677d5f,0,4
973b0facfa9b,0,bb752b179751,0,4
973b0facfa9b,0,d667af5742f6,0,4
973b0facfa9b,0,e150935f66a6,2,4
973b0facfa9b,0,e1b8acb1cea1,0,4
973b0facfa9b,0,fdc685055659,0,4
974c7d7b9c64,0,de55ed25e0e8,0,4
974c7d7b9c64,0,ec6f1797a25a,0,4
97a235367f9d,0,eabc7c716255,0,4
97fdee242fea,0,e30a890600e1,0,4
98277aeb96a7,0,a9b3177f01c0,0,4
98277aeb96a7,0,de18071c36e6,0,4
983c98354e9c,0,bebfbd907cac,0,4
9870ce41cac4,0,e5f332efcbc7,0,4
98e44127872f,0,a53d6d2472a6,0,4
98e44127872f,0,d667af5742f6,0,4
98e44127872f,0,e1b8acb1cea1,0,4
98e44127872f,0,fdc685055659,0,4
991a0b7a8c87,0,cd314653a4d8,0,4
991a0b7a8c87,0,ff4832d55461,0,4
9985375d709f,0,ad93d88c87ea,0,4
9985375d709f,0,bb752b179751,0,4
9985375d709f,0,e150935f66a6,2,4
9985375d709f,0,fdc685055659,0,4
99c6a123ed6a,0,bd34a0639575,0,4
99c6a123ed6a,0,d5b4705ac2ee,1,4
99c6a123ed6a,0,de55ed25e0e8,0,4
99c6a123ed6a,0,e2c39ed0c941,0,4
99c6a123ed6a,0,f09cfc6a4dbd,0,4
99e8bf998285,2,bb733062f494,2,4
9a1029536d78,0,c1819db0aece,0,4
9a56cfb980ec,0,9c6512166557,0,4
9a56cfb980ec,0,d4bc001f7224,0,4
9ac2e3e9fca5,0,9ce46d400cd6,0,4
9ac2e3e9fca5,0,ab653b8554c0,0,4
9ac2e3e9fca5,0,b598bc9753c2,0,4
9ac2e3e9fca5,0,b8dab47a260e,0,4
9ac2e3e9fca5,0,c2f3281cf528,0,4
9ac2e3e9fca5,0,ec01f0862669,0,4
9b57e43b44e7,0,dc6fa1b38b83,2,4
9b70f84400af,0,b085caa513a8,0,4
9b70f84400af,0,bd06028eb7dd,0,4
9b70f84400af,0,f762c272c522,1,4
9b7b6e4db1d5,2,bd06028eb7dd,0,4
9b7b6e4db1d5,2,f580566e27f5,0,4
9b7b6e4db1d5,2,f762c272c522,1,4
9ba469af2980,0,aa60813e1a8d,0,4
9ba469af2980,0,d06ccd0cf4b8,1,4
9c893e16c055,0,bb752b179751,0,4
9ce46d400cd6,0,ab653b8554c0,0,4
9ce46d400cd6,0,bf7b4eae7ad0,0,4
9ce46d400cd6,0,c2f3281cf528,0,4
9ce46d400cd6,0,da3a2275c850,0,4
9cf7c1349673,0,e01b7bac822b,0,4
9d75de31f1b8,0,eabc7c716255,0,4
9e2058917304,0,9fa02dfb5553,0,4
9e2058917304,0,a85cda5f725d,0,4
9e2058917304,0,d69698f838db,0,4
9e2058917304,0,e4a44f9158dc,0,4
9e99ae6ee7af,0,a1872f9c0cba,0,4
9f1b14dfa14c,0,ab3c505b624f,0,4
9f1b14dfa14c,0,c373b73a80c8,0,4
9f1b14dfa14c,0,e087bd4b88f2,0,4
9f285b3e57ed,0,ab653b8554c0,0,4
9f285b3e57ed,0,bf7b4eae7ad0,0,4
9f285b3e57ed,0,c24bcf7a1bc4,0,4
9f285b3e57ed,0,c6a8f8f998a2,0,4
9f285b3e57ed,0,d6b109c82067,0,4
9f285b3e57ed,0,d774692d9919,0,4
9f285b3e57ed,0,e6552b7432b3,0,4
9f935fb38440,0,f9d8ff3e6592,0,4
9fa02dfb5553,0,a2811f512c1c,0,4
9fa02dfb5553,0,a2b995b81692,0,4
9fa02dfb5553,0,d69698f838db,0,4
9fa02dfb5553,0,e4a44f9158dc,0,4
9fa02dfb5553,0,fbdc796290d4,0,4
a0267206d51e,2,a21b37719f9b,2,4
a07d571bf7ba,0,f8d62557ad0c,0,4
a07d9a5045cb,0,d6df4fe492ec,0,4
a0adbe677508,0,b05922e7abd3,0,4
a0adbe677508,0,fd0a70082e7c,0,4
a0e635689259,0,cd314653a4d8,0,4
a12ca80bb8c7,0,a8854768549f,0,4
a15470303941,2,bb5083fae98f,3,4
a1b28bcbce00,0,e632e38fd2d4,0,4
a1b28bcbce00,0,ef7eb85b75fc,0,4
a1e236fbc863,0,e5de79795c1d,0,4
a1eb88562239,0,b460ca9fa26f,0,4
a1eb88562239,0,caec68f11c86,2,4
a1edf0e66592,0,d9ad2a0ec026,0,4
a247961a5cd9,0,b835b6e31a59,0,4
a2811f512c1c,0,e4c799738a19,0,4
a2b995b81692,0,a85cda5f725d,0,4
a2b995b81692,0,abbb8791785e,0,4
a2b995b81692,0,b5b913358b32,0,4
a2b995b81692,0,d69698f838db,0,4
a2b995b81692,0,d6dbb0820ea5,0,4
a2b995b81692,0,eda29a9d78f3,0,4
a2b995b81692,0,fa7fa797c650,0,4
a30a143a53a3,0,acf976efd7ce,0,4
a384e688e228,0,b10fca20c885,0,4
a3bd2e034614,0,b07bc463b718,1,4
a44345b27804,0,bf87aedf2489,0,4
a45d77edf8d9,2,f576e45d1da2,3,4
a484bdf85b4c,0,aafe980edd0c,0,4
a53d6d2472a6,0,b9bc81fcb075,0,4
a53d6d2472a6,0,d667af5742f6,0,4
a53d6d2472a6,0,fdc685055659,0,4
a61723fc38c2,0,b8dab47a260e,0,4
a61723fc38c2,0,ff631653374e,0,4
a6356a3c5d11,0,d57d1be1bbd1,0,4
a721efb1e049,2,e06d3d4733f0,2,4
a73d012c4c38,0,bf7b4eae7ad0,0,4
a73d012c4c38,0,c6a8f8f998a2,0,4
a73d012c4c38,0,e6552b7432b3,0,4
a76132e79688,0,e16af45285e5,0,4
a7b7dc8788b9,2,e499434242cc,2,4
a7c10ca6c117,0,ed2c52c14493,0,4
a7ec056502e7,1,e1e490773462,2,4
a804cef3e51f,2,abf09c44d5f4,2,4
a804cef3e51f,2,da44f80b422b,2,4
a85cda5f725d,0,bfa30ebf63a8,0,4
a85cda5f725d,0,cd941e5bc659,0,4
a85cda5f725d,0,d69698f838db,0,4
a86128b601a7,0,b8dab47a260e,0,4
a86128b601a7,0,bd34a0639575,0,4
a86128b601a7,0,d16e59a2b33a,0,4
a86128b601a7,0,de55ed25e0e8,0,4
a86128b601a7,0,e12df54e0d1e,0,4
a88365134c3c,0,c18a006f7f1d,0,4
a8854768549f,0,b16dd4483ca5,0,4
a8c54e2a4b79,1,c80f79579fed,2,4
a94da3d3b5c0,0,af87d48ffe01,0,4
a94da3d3b5c0,0,f0267c42907c,0,4
a95858e052d6,1,abf09c44d5f4,2,4
a95858e052d6,1,ca9c912ebad7,2,4
a95858e052d6,1,f2094a20b275,2,4
a963ac561580,0,ebd96d853918,0,4
a987aa7aac37,0,d88c4843aec3,0,4
a9b3177f01c0,0,ad6b07d5c338,0,4
a9b3177f01c0,0,f26b02ead915,0,4
aa4407aab872,0,b72a86d61959,0,4
aa4407aab872,0,ebf4b22240f4,0,4
aa4407aab872,0,fa573163dd8b,0,4
aa94cc4bfd84,0,ac1667fac512,0,4
aa94cc4bfd84,0,f64b6e85f1c9,0,4
aafe980edd0c,0,d7ac4a0c9760,0,4
aafe980edd0c,0,f3b27ac2d371,0,4
ab3c505b624f,0,ef247f28004f,0,4
ab653b8554c0,0,c6a8f8f998a2,0,4
ab653b8554c0,0,e5f73f2855c0,0,4
abf09c44d5f4,2,f2094a20b275,2,4
ac1667fac512,0,c096131ad065,0,4
ac1667fac512,0,ed6bd9293a89,0,4
ac1667fac512,0,f64b6e85f1c9,0,4
ac2c814949f9,2,e6a58edc5b42,2,4
acf976efd7ce,0,bf7b4eae7ad0,0,4
acf976efd7ce,0,c6a8f8f998a2,0,4
acf976efd7ce,0,d774692d9919,0,4
acf976efd7ce,0,e6552b7432b3,0,4
ad312ca98202,0,e66ad813a508,0,4
ad93d88c87ea,0,b5e6ae31493c,0,4
ad93d88c87ea,0,bb752b179751,0,4
aeab0a63bcaf,0,dd02d60bef14,0,4
af6166d57f13,0,e907d23cce3d,0,4
af828dab3ffc,2,f2094a20b275,2,4
af87d48ffe01,0,ddb222ff7c1d,0,4
af87d48ffe01,0,f4874247ede6,0,4
b05922e7abd3,0,e01b7bac822b,0,4
b07bc463b718,1,e632e38fd2d4,0,4
b085caa513a8,0,f580566e27f5,0,4
b0b3b16fc305,0,baaca2f7e1f0,0,4
b0b3b16fc305,0,dccdf750c962,0,4
b0d35981708b,2,b7e0f95353f2,3,4
b0d35981708b,2,bd9904495ccd,4,4
b0d35981708b,2,c0a0828e01b4,3,4
b0d35981708b,2,c613db1cab27,2,4
b0d35981708b,2,c87493ed320c,2,4
b0f0fa677d5f,0,baaca2f7e1f0,0,4
b0f0fa677d5f,0,ffd97f8cd5aa,0,4
b1c6f0997e27,0,d9ad2a0ec026,0,4
b2b79b37d314,0,b72a86d61959,0,4
b2b79b37d314,0,ebf4b22240f4,0,4
b2b79b37d314,0,f9d52509c571,0,4
b2b7ccd34cbd,0,b8dab47a260e,0,4
b2b7ccd34cbd,0,ec01f0862669,0,4
b460ca9fa26f,0,caec68f11c86,2,4
b468ebf5cb11,2,d94e10f42861,2,4
b468ebf5cb11,2,f2d2a0c92034,4,4
b5204c0decc7,0,bac1744955c2,0,4
b5204c0decc7,0,ea7e21bab610,0,4
b598bc9753c2,0,c2f3281cf528,0,4
b598bc9753c2,0,ec01f0862669,0,4
b5a3ca5c0a80,0,d02b79fc3200,0,4
b5b913358b32,0,d6dbb0820ea5,0,4
b5b913358b32,0,fa7fa797c650,0,4
b64e1eef3d63,0,d7a01fca9838,0,4
b71428739d4e,1,fd4c946c52bf,0,4
b72a86d61959,0,ebf4b22240f4,0,4
b72a86d61959,0,eed4afc8ec83,1,4
b72a86d61959,0,f9d52509c571,0,4
b7983cb3f270,0,d7ac4a0c9760,0,4
b7ce561a7328,0,bd34a0639575,0,4
b7ce561a7328,0,ec01f0862669,0,4
b7ce561a7328,0,f09cfc6a4dbd,0,4
b835b6e31a59,0,d69698f838db,0,4
b835b6e31a59,0,eda29a9d78f3,0,4
b83a6eca125f,2,ff344e5c9341,2,4
b8dab47a260e,0,bffca6eeb2bf,0,4
b8dab47a260e,0,c6a8f8f998a2,0,4
b8dab47a260e,0,de55ed25e0e8,0,4
b8dab47a260e,0,f09cfc6a4dbd,0,4
b8dab47a260e,0,ff631653374e,0,4
b927a9238434,2,bdff5d8bddf8,4,4
b927a9238434,2,e6a58edc5b42,2,4
ba4d2c4b3039,4,ea1d045f9fea,2,4
bac1744955c2,0,bacfa2b8e706,0,4
bac1744955c2,0,e7291472109b,0,4
bb2f89488ecd,0,ebd96d853918,0,4
bc23f74e14dd,2,e632e38fd2d4,0,4
bc8c6a778cde,0,bd375ba756b1,0,4
bd06028eb7dd,0,c18a006f7f1d,0,4
bd06028eb7dd,0,e1dc02a3dc2a,0,4
bd06028eb7dd,0,ed2c52c14493,0,4
bd06028eb7dd,0,ef99c499d665,0,4
bd06028eb7dd,0,f09cfc6a4dbd,0,4
bd06028eb7dd,0,f4d3169b468a,0,4
bd06028eb7dd,0,f762c272c522,1,4
bd06028eb7dd,0,fb1b8771c70a,0,4
bd34a0639575,0,d16e59a2b33a,0,4
bd34a0639575,0,d5b4705ac2ee,1,4
bd34a0639575,0,e12df54e0d1e,0,4
bd34a0639575,0,e1dc02a3dc2a,0,4
bd34a0639575,0,ec01f0862669,0,4
bd34a0639575,0,ec6f1797a25a,0,4
bd34a0639575,0,ff631653374e,0,4
bd9904495ccd,4,c0a0828e01b4,3,4
bd9904495ccd,4,c613db1cab27,2,4
bd9904495ccd,4,e6a58edc5b42,2,4
bdf47b9f10c4,0,c6d4e4a3bd4c,0,4
bdf47b9f10c4,0,ec01f0862669,0,4
bdff5d8bddf8,4,e6a58edc5b42,2,4
be3a7d9e981e,0,c373b73a80c8,0,4
be3a7d9e981e,0,e087bd4b88f2,0,4
bf1b7e21e774,2,df84e7113003,4,4
bf7b4eae7ad0,0,e6552b7432b3,0,4
bf7b4eae7ad0,0,ec01f0862669,0,4
bffca6eeb2bf,0,c6a8f8f998a2,0,4
c096131ad065,0,e66ad813a508,0,4
c096131ad065,0,f5c953bee7cd,0,4
c0a0828e01b4,3,e6a58edc5b42,2,4
c0a0828e01b4,3,f2ee81781411,2,4
c0a117de7d0a,0,e0313be77035,0,4
c18a006f7f1d,0,f580566e27f5,0,4
c24bcf7a1bc4,0,c6a8f8f998a2,0,4
c24bcf7a1bc4,0,d6b109c82067,0,4
c24bcf7a1bc4,0,d774692d9919,0,4
c24bcf7a1bc4,0,fb88783de055,0,4
c334f8688b77,0,f5733f77273d,0,4
c365c598ad4e,0,e01b7bac822b,0,4
c373b73a80c8,0,e087bd4b88f2,0,4
c373b73a80c8,0,ef247f28004f,0,4
c3e02d4a1798,2,f2094a20b275,2,4
c5ad60521f8c,2,cd3fd04d72f5,2,4
c6a8f8f998a2,0,e6552b7432b3,0,4
c6a8f8f998a2,0,ec01f0862669,0,4
c704bd669f36,0,dccdf750c962,0,4
c87493ed320c,2,f2ee81781411,2,4
c98f623d08d1,0,eabc7c716255,0,4
c9e697117f3f,0,f09cfc6a4dbd,0,4
c9e697117f3f,0,f580566e27f5,0,4
c9e697117f3f,0,fb1b8771c70a,0,4
ca63fe4f4b52,1,f80118bbda18,2,4
ca9c912ebad7,2,d94e10f42861,2,4
caec68f11c86,2,f451eee2b66b,0,4
cc964bf04dbc,0,db52626d450c,0,4
cc964bf04dbc,0,ebf4b22240f4,0,4
cc964bf04dbc,0,ffd97f8cd5aa,0,4
cd29c88c9e36,2,eba3acc42197,1,4
cd54d022e37d,4,e724866f5084,2,4
cd941e5bc659,0,d69698f838db,0,4
ce754234d760,0,e1b8acb1cea1,0,4
cfd1bd0fcbb4,1,db49cdf1ea64,2,4
d15ca3469b87,2,fd62bd0db4f1,1,4
d16e59a2b33a,0,e12df54e0d1e,0,4
d16e59a2b33a,0,ec6f1797a25a,0,4
d1afdb8cf70d,0,e66855a5c583,0,4
d1f7ea924a01,0,e322acd46152,0,4
d26bb2ed6e71,0,fe0e2dee1834,0,4
d28bd830c171,2,ff344e5c9341,2,4
d3be5346684b,2,fb767cea406c,0,4
d48178e4a49b,4,f762c272c522,1,4
d516f77d4516,0,de4cdabbce6d,0,4
d51e5d7484ea,0,eabf421f94d0,0,4
d5b4705ac2ee,1,de55ed25e0e8,0,4
d5b4705ac2ee,1,e1dc02a3dc2a,0,4
d5b4705ac2ee,1,ef99c499d665,0,4
d5b4705ac2ee,1,f580566e27f5,0,4
d667af5742f6,0,ea9c41e1ced0,0,4
d667af5742f6,0,fdc685055659,0,4
d69698f838db,0,e4a44f9158dc,0,4
d69698f838db,0,eda29a9d78f3,0,4
d69698f838db,0,f1d719c97838,0,4
d69698f838db,0,fbdc796290d4,0,4
d6b109c82067,0,d774692d9919,0,4
d6b109c82067,0,e6552b7432b3,0,4
d6b109c82067,0,fb88783de055,0,4
d6dbb0820ea5,0,f3a4751af42e,0,4
d6dbb0820ea5,0,fa7fa797c650,0,4
d6f6bdfd8011,0,eda29a9d78f3,0,4
d7078e8b0349,0,e087bd4b88f2,0,4
d774692d9919,0,e6552b7432b3,0,4
d774692d9919,0,fb88783de055,0,4
d7bc62d60e8c,0,f71333204618,0,4
d83d0695e215,2,e93394175a19,3,4
d88806d9ece9,2,f025f33b2c9b,4,4
d911dd40c63b,0,dce73d90c00c,0,4
d911dd40c63b,0,f90f8931a9bc,0,4
d91273efb92a,2,f3cd489acbee,2,4
d99dd99be001,0,e50b0174690d,0,4
d9ad2a0ec026,0,fb1b8771c70a,0,4
db3cd58aa315,0,ddb222ff7c1d,0,4
ddb222ff7c1d,0,f431f2e119d7,0,4
de55ed25e0e8,0,e12df54e0d1e,0,4
de55ed25e0e8,0,e1dc02a3dc2a,0,4
de55ed25e0e8,0,f09cfc6a4dbd,0,4
de55ed25e0e8,0,ff631653374e,0,4
dea7538bb91a,0,f580566e27f5,0,4
dea7538bb91a,0,f762c272c522,1,4
df0886f1e76b,0,f819c65b803c,0,4
e01b7bac822b,0,fd0a70082e7c,0,4
e06cccc08c59,0,e8e44b3160e3,0,4
e087bd4b88f2,0,ef247f28004f,0,4
e12df54e0d1e,0,ff631653374e,0,4
e135d7ba9a0e,0,f09cfc6a4dbd,0,4
e135d7ba9a0e,0,f580566e27f5,0,4
e135d7ba9a0e,0,fb1b8771c70a,0,4
e1dc02a3dc2a,0,e2c39ed0c941,0,4
e1dc02a3dc2a,0,ef99c499d665,0,4
e1dc02a3dc2a,0,f09cfc6a4dbd,0,4
e1dc02a3dc2a,0,fb1b8771c70a,0,4
e2265c383348,0,f431f2e119d7,0,4
e3b47ed5b511,0,f6d760566a51,0,4
e52ed5c29c5e,3,e6a6acf7fca1,2,4
e632e38fd2d4,0,ef7eb85b75fc,0,4
e663c6627a95,2,ec4649213ccf,1,4
e66ad813a508,0,f64b6e85f1c9,0,4
e66ad813a508,0,ffd97f8cd5aa,0,4
e7291472109b,0,fd0a70082e7c,0,4
ebf4b22240f4,0,f5c953bee7cd,0,4
ebf4b22240f4,0,f9d52509c571,0,4
ed2c52c14493,0,f4d3169b468a,0,4
ed2c52c14493,0,f580566e27f5,0,4
ed6bd9293a89,0,f5c953bee7cd,0,4
ed6bd9293a89,0,ffd97f8cd5aa,0,4
ed88faaa325a,2,fc603cbedb41,2,4
eebd1e195952,0,f26b02ead915,0,4
ef8c39eb9157,0,f819c65b803c,0,4
ef99c499d665,0,f09cfc6a4dbd,0,4
f00ce9b9d6f4,0,fed5bb685832,0,4
f09cfc6a4dbd,0,f580566e27f5,0,4
f252046c0fe6,0,fd87b6b2e664,0,4
f26b02ead915,0,f952ad2e4356,0,4
f4d3169b468a,0,f580566e27f5,0,4
