id_code,image_name,sha256,diagnosis
0ac436400db4,0ac436400db4.png,022b0e0373dd1ee8b134bc3393070e450ab2ba01f91d4b14b0198a26c6b20ce5,2
fda39982a810,fda39982a810.png,022b0e0373dd1ee8b134bc3393070e450ab2ba01f91d4b14b0198a26c6b20ce5,3
b187b3c93afb,b187b3c93afb.png,045ca0250e166bd98033075cd876adcaa7b9953c9a6c944fd0a357c7f808d479,2
9e3510963315,9e3510963315.png,045ca0250e166bd98033075cd876adcaa7b9953c9a6c944fd0a357c7f808d479,4
521d3e264d71,521d3e264d71.png,0edc485466e1fc7ff1f7b4206f1707260f2f791d0693bc18a3448cf8ddf248a7,2
fe0fc67c7980,fe0fc67c7980.png,0edc485466e1fc7ff1f7b4206f1707260f2f791d0693bc18a3448cf8ddf248a7,3
b91ef82e723a,b91ef82e723a.png,1924764ef3f37f79d86e17ec57c24fcda433b1e174574828f67fd946830eb239,2
2df07eb5779f,2df07eb5779f.png,1924764ef3f37f79d86e17ec57c24fcda433b1e174574828f67fd946830eb239,4
7005be54cab1,7005be54cab1.png,2a6ef650a496f334a9634d69b0cf14dcb0db075d49776d6e646047bb08878c81,1
3ee4841936ef,3ee4841936ef.png,2a6ef650a496f334a9634d69b0cf14dcb0db075d49776d6e646047bb08878c81,4
c546670d9684,c546670d9684.png,356d9ab05fbaff55feb696f83cbf012019fcf6d2f1b8173d2054b771f51a75c7,0
30cab14951ac,30cab14951ac.png,356d9ab05fbaff55feb696f83cbf012019fcf6d2f1b8173d2054b771f51a75c7,1
35aa7f5c2ec0,35aa7f5c2ec0.png,36b368b0863842f82c8b38cb343b94ef81232cc4491286b8c119c1edc7748d57,1
1c4d87baaffc,1c4d87baaffc.png,36b368b0863842f82c8b38cb343b94ef81232cc4491286b8c119c1edc7748d57,2
ab50123abadb,ab50123abadb.png,387028c6180af30126540dfb2c0038775da7644f398aa3924266c561639bbcdf,2
80964d8e0863,80964d8e0863.png,387028c6180af30126540dfb2c0038775da7644f398aa3924266c561639bbcdf,4
f066db7a2efe,f066db7a2efe.png,405fb8cfa28dafb173a7e5b76c55390dd27bad3e70bc0f55d184feeaa84dda72,0
278aa860dffd,278aa860dffd.png,405fb8cfa28dafb173a7e5b76c55390dd27bad3e70bc0f55d184feeaa84dda72,1
76cfe8967f7d,76cfe8967f7d.png,4e7b24470e31e2c6fb2e8bc723c98e225ca9f9c80a1f393eb3b4790ce9584094,2
6253f23229b1,6253f23229b1.png,4e7b24470e31e2c6fb2e8bc723c98e225ca9f9c80a1f393eb3b4790ce9584094,3
f7edc074f06b,f7edc074f06b.png,54ff09f0c7bb1baf3347f0aed4403f5f7a9829405351379bbdc7fe9cc094c255,2
4fecf87184e6,4fecf87184e6.png,54ff09f0c7bb1baf3347f0aed4403f5f7a9829405351379bbdc7fe9cc094c255,3
9bf060db8376,9bf060db8376.png,54ff09f0c7bb1baf3347f0aed4403f5f7a9829405351379bbdc7fe9cc094c255,3
98f7136d2e7a,98f7136d2e7a.png,5c92394d13abfc8126a0f0654afd604da6f7ee4ea19016ea9691d2accdce75b5,2
e740af6ac6ea,e740af6ac6ea.png,5c92394d13abfc8126a0f0654afd604da6f7ee4ea19016ea9691d2accdce75b5,4
a75bab2463d4,a75bab2463d4.png,6453c389c0cb9b350d6a4344d67de0746520f2fa151e24b6e12e1883a5f7bf90,1
1632c4311fc9,1632c4311fc9.png,6453c389c0cb9b350d6a4344d67de0746520f2fa151e24b6e12e1883a5f7bf90,2
9a3c03a5ad0f,9a3c03a5ad0f.png,6d6bab66325255e9cb5762f88b0614c3acb70b26d49c7f00ef0e6a8b1c48f9da,2
f03d3c4ce7fb,f03d3c4ce7fb.png,6d6bab66325255e9cb5762f88b0614c3acb70b26d49c7f00ef0e6a8b1c48f9da,4
a1b12fdce6c3,a1b12fdce6c3.png,752e0dd04179bd8863e7728f53ea787314d4f61858a8fd627c8393bda91e1a72,2
5e7db41b3bee,5e7db41b3bee.png,752e0dd04179bd8863e7728f53ea787314d4f61858a8fd627c8393bda91e1a72,4
5eb311bcb5f9,5eb311bcb5f9.png,82c54b1073105660f07d52e84daac478f46fc388e649a9ba475ec5152b2f7f28,2
a9e984b57556,a9e984b57556.png,82c54b1073105660f07d52e84daac478f46fc388e649a9ba475ec5152b2f7f28,3
3dbfbc11e105,3dbfbc11e105.png,9602e0e2560cf2671fb848abb63976643cd49c57f7a5f0cc852ecc58e9a5ab7e,2
d0079cc188e9,d0079cc188e9.png,9602e0e2560cf2671fb848abb63976643cd49c57f7a5f0cc852ecc58e9a5ab7e,3
14e3f84445f7,14e3f84445f7.png,985f9b852452ac673cc4ed28defff181ebe4acbbdbdd9c144998976df0793b38,3
f0f89314e860,f0f89314e860.png,985f9b852452ac673cc4ed28defff181ebe4acbbdbdd9c144998976df0793b38,4
3cd801ffdbf0,3cd801ffdbf0.png,a51fd29f08fd59ae70dd358f97159b81dadd030142b411ab92da412156854abf,2
7525ebb3434d,7525ebb3434d.png,a51fd29f08fd59ae70dd358f97159b81dadd030142b411ab92da412156854abf,3
8ef2eb8c51c4,8ef2eb8c51c4.png,adc9053a979fdfead198ee5c95239b9f43f804668995a80c7942d475268e5944,1
8446826853d0,8446826853d0.png,adc9053a979fdfead198ee5c95239b9f43f804668995a80c7942d475268e5944,2
b9127e38d9b9,b9127e38d9b9.png,bd505cde21ec90df99f91d05d215fc16d1c8d5bcc6aa5984db38d9669e5c68ed,2
e39b627cf648,e39b627cf648.png,bd505cde21ec90df99f91d05d215fc16d1c8d5bcc6aa5984db38d9669e5c68ed,4
bacfb1029f6b,bacfb1029f6b.png,c434edb4da84e7dfe9df1a3247794287f009f8132047cbad51ea6056346096a0,1
e12d41e7b221,e12d41e7b221.png,c434edb4da84e7dfe9df1a3247794287f009f8132047cbad51ea6056346096a0,2
a8e88d4891c4,a8e88d4891c4.png,c760254d87c5c486d93b3e8b57faf853df4452239f973808be875e5940474c7f,3
2f7789c1e046,2f7789c1e046.png,c760254d87c5c486d93b3e8b57faf853df4452239f973808be875e5940474c7f,4
fcc6aa6755e6,fcc6aa6755e6.png,c91fc9fd8543dabd1114d3b5fa4f62f69b93b358e96fbe107acb6600e0d1a64b,3
60f15dd68d30,60f15dd68d30.png,c91fc9fd8543dabd1114d3b5fa4f62f69b93b358e96fbe107acb6600e0d1a64b,4
f23902998c21,f23902998c21.png,dc836f5895ca47d9ddbfd231c09d3d50e08310a660ffd6f0f5a718488b272427,2
e8d1c6c07cf2,e8d1c6c07cf2.png,dc836f5895ca47d9ddbfd231c09d3d50e08310a660ffd6f0f5a718488b272427,3
4a44cc840ebe,4a44cc840ebe.png,dd37a19092c9171ec7d05a42fa3acf35f531b658eb4be12c4a9efd0a543f1500,2
0cb14014117d,0cb14014117d.png,dd37a19092c9171ec7d05a42fa3acf35f531b658eb4be12c4a9efd0a543f1500,3
51131b48f9d4,51131b48f9d4.png,e0cc06ec7bda50ded0852785e77fb0f027161bffec4b7fa28712671e768e03b4,1
42a850acd2ac,42a850acd2ac.png,e0cc06ec7bda50ded0852785e77fb0f027161bffec4b7fa28712671e768e03b4,2
8cb6b0efaaac,8cb6b0efaaac.png,e0cc06ec7bda50ded0852785e77fb0f027161bffec4b7fa28712671e768e03b4,2
1c9c583c10bf,1c9c583c10bf.png,ebae39b7e639c64e51a8ebe01e85a047542a1bc80468d4de2ea754c259bee68d,0
ea15a290eb96,ea15a290eb96.png,ebae39b7e639c64e51a8ebe01e85a047542a1bc80468d4de2ea754c259bee68d,1
e4151feb8443,e4151feb8443.png,ec008b381160f16d4bc7fd07f00eed5aedcf150c3f1fb7fc50b1bf0211364667,2
46cdc8b685bd,46cdc8b685bd.png,ec008b381160f16d4bc7fd07f00eed5aedcf150c3f1fb7fc50b1bf0211364667,4
42985aa2e32f,42985aa2e32f.png,f68d4db7f03892f9898ca5f5189e334a05e3966fbe7c940551aad3571cd2b6cf,0
6165081b9021,6165081b9021.png,f68d4db7f03892f9898ca5f5189e334a05e3966fbe7c940551aad3571cd2b6cf,1
