id_code_1,diagnosis_1,id_code_2,diagnosis_2,phash_distance,normalized_similarity,good_matches,inliers,inlier_ratio
3435fd8675a2,3,c62585bd68fb,4,0,0.9999554753303528,131,131,1.0
2f284b6a1940,4,bb5083fae98f,3,0,0.9997314214706421,77,77,1.0
16ce555748d8,4,4d9fc85a8259,3,0,0.9999798536300659,60,60,1.0
2b48daf24be0,3,9a94e0316ee3,3,0,0.9999867081642151,57,57,1.0
0243404e8a00,4,3b018e8b7303,3,0,0.9998264908790588,32,32,1.0
cd93a472e5cd,4,d035c2bd9104,3,0,0.9999785423278809,253,252,0.9960474308300395
b019a49787c1,3,e1fb532f55df,3,0,0.999976396560669,129,128,0.9922480620155039
33778d136069,3,4ccfa0b4e96c,4,0,0.9999721050262451,120,119,0.9916666666666667
8688f3d0fcaf,3,bfefa7344e7d,4,2,0.9999555945396423,112,110,0.9821428571428571
3b018e8b7303,3,3ddb86eb530e,2,0,0.999973714351654,34,33,0.9705882352941176
0243404e8a00,4,3ddb86eb530e,2,0,0.9998303055763245,32,31,0.96875
