sha256,cantidad_imagenes,cantidad_etiquetas,etiquetas,ids
016d1670c19024f2c7de31378a660a5c7fc9d6caea24613120fa1c28dc87e9f2,2,1,[2],"['c1c8550508e0', '530d78467615']"
022b0e0373dd1ee8b134bc3393070e450ab2ba01f91d4b14b0198a26c6b20ce5,2,2,"[2, 3]","['fda39982a810', '0ac436400db4']"
045ca0250e166bd98033075cd876adcaa7b9953c9a6c944fd0a357c7f808d479,2,2,"[2, 4]","['9e3510963315', 'b187b3c93afb']"
04bbfed5d2cd875ea96ebecb46ec678ac5de34129bc0dbf6860dfedcfecd1c7b,2,1,[4],"['3ca637fddd56', '3b4a5fcbe5e0']"
099293bd82c9d96b44b05726a1c57870b3cbf97e71f3434bc6be584f2d04fee2,2,1,[2],"['43fb6eda9b97', 'e4e343eaae2a']"
0a9a014e61ea5e61725885d51abaa709193b086d5ec6fc617de7122ee963ba84,2,1,[2],"['bcdc8db5423b', 'f920ccd926db']"
0ddc4d1b0508a613897aed60962df06cb54403f06158955a823f459d9bbec8ff,2,1,[1],"['0dce95217626', '94372043d55b']"
0e4a0e5a3a8cfda02a7fb06eb9dda4bf780999328767107f3542725fa9f465e1,2,1,[1],"['71c1a3cdbe47', '79ce83c07588']"
0edc485466e1fc7ff1f7b4206f1707260f2f791d0693bc18a3448cf8ddf248a7,2,2,"[2, 3]","['521d3e264d71', 'fe0fc67c7980']"
117b6991b6557bab222f8098f09a1e0601b227d49b207fca1e6b6f704f026673,2,1,[2],"['1006345f70b7', '435d900fa7b2']"
1924764ef3f37f79d86e17ec57c24fcda433b1e174574828f67fd946830eb239,2,2,"[2, 4]","['2df07eb5779f', 'b91ef82e723a']"
1b4fe682628735f341e581925cc5c8a5da551607a5b2ae4412df973f00c683a0,2,1,[2],"['3a1d3ce00f0c', 'a19507501b40']"
1e3bd519dc8cc467c993e2fa51964a0e9a9d98810ac9dd2559f747e36859fbe3,2,1,[2],"['144b01e7b993', '1e143fa3de57']"
1ed09890ee6da4bf1db30880258257173dc26d87e0bb6725dbc6c022c99b7b67,2,1,[1],"['77a9538b8362', '40e9b5630438']"
22a3b2c1bf2e52f6cd488e791ff140c5f9c877b3837eabca10437c8ed41ad330,2,1,[1],"['7bf981d9c7fe', '36677b70b1ef']"
23f2c0cab0903f13bc9294d028363baaab4cf5b457abd0a1c1de6c8daee9494e,2,1,[4],"['aeed1f251ceb', 'c0e509786f7f']"
246c9b4f18321e38fe406dec813a36ca6b853364436d26cc045759544442e1d6,2,1,[2],"['c68dfa021d62', '4ce74e5eb51d']"
281a8c182eb28cea03294cd9bbe3d77dbd247a98cee38646210300aa34ede904,2,1,[2],"['c05b7b4c22fe', 'aca88f566228']"
2a6ef650a496f334a9634d69b0cf14dcb0db075d49776d6e646047bb08878c81,2,2,"[1, 4]","['7005be54cab1', '3ee4841936ef']"
2eca7d9f3f86e45225f6b6909c411ed5d1a16a403333052e06d6a7c1a184ee77,2,1,[2],"['75a7bc945b7d', '98104c8c67eb']"
2ef9c95e1de2a1360aa6fe327ec743f608a8547cc99b64f061b353b72a26c49b,2,1,[2],"['ba2624883599', '14515b8f19b6']"
3015ccb4a17ebe4ca23f5bf28ccfa0fdd07603fbbdf8b39532b1ae1d98e7d29a,2,1,[2],"['b06dabab4f09', 'd144144a2f3f']"
34ccbb2ee77aa13b072fb44e7f2817b2053cde45fa98a5855b43266fcbecc140,2,1,[4],"['1e9224ccca95', 'f6f3ea0d2693']"
356d9ab05fbaff55feb696f83cbf012019fcf6d2f1b8173d2054b771f51a75c7,2,2,"[0, 1]","['30cab14951ac', 'c546670d9684']"
36b368b0863842f82c8b38cb343b94ef81232cc4491286b8c119c1edc7748d57,2,2,"[1, 2]","['35aa7f5c2ec0', '1c4d87baaffc']"
3829474155ff566cfafe3f3cdb7cb37ec194a8cb6816331d4317e223789de012,2,1,[4],"['d51b3fe0fa1b', 'df4913ca3712']"
387028c6180af30126540dfb2c0038775da7644f398aa3924266c561639bbcdf,2,2,"[2, 4]","['ab50123abadb', '80964d8e0863']"
38f85514cdcc79212e5e991349f6dc6f0453c8b8758fe14cfd2c4859c5cf9412,2,1,[1],"['80d24897669f', 'fea14b3d44b0']"
3f1adaf9e24263177cf7769ffb3f88f753e288ccc4d2d1d578312ac2b60d9b3e,2,1,[2],"['1411c8ab7161', '8acffaf1f4b9']"
3f2cc0e09062f4dd6b37a256849ef54fcfc39c45ca5f32ccc35e3c8e2744e9cd,2,1,[2],"['1b4625877527', '86b3a7929bec']"
405fb8cfa28dafb173a7e5b76c55390dd27bad3e70bc0f55d184feeaa84dda72,2,2,"[0, 1]","['f066db7a2efe', '278aa860dffd']"
4134302dbbef870030a6061212f7c56f31f08def634839cfaf2fb2e127dc43f0,2,1,[2],"['1ae8c165fd53', '5a36cea278ae']"
41474e54c5822ab6dea8075012c59700e148483efd46a54ba9feaa018495a4a6,2,1,[2],"['8d7bb0649a02', '7550966ef777']"
4664f1fa6acccbd1d8e256a9ed712286ffecc81f55d65d1631bd83aa6b0c6d39,2,1,[2],"['ca0f1a17c8e5', 'ea05c22d92e9']"
46b631781bb2e68f04031a8f5fa6d8bfedf602c88a65eb11ac04238c545701e5,2,1,[4],"['11242a67122d', '65c958379680']"
47a83fc02bbae5a7a513750b9ade3db3838fda9029e5df02f936b2147fdf9490,2,1,[1],"['595446774178', '36041171f441']"
4b1320e887601998da80086517dfed82e28bb15b512f9782d4510d57f92fcad4,2,1,[2],"['9b7b6e4db1d5', '9f4132bd6ed6']"
4e7b24470e31e2c6fb2e8bc723c98e225ca9f9c80a1f393eb3b4790ce9584094,2,2,"[2, 3]","['6253f23229b1', '76cfe8967f7d']"
5169e46c7158edb58f4e57c8ad2cd7fb7687874ffb0d6c781ad2eb45fe9af5b9,2,1,[1],"['12e3f5f2cb17', 'd567a1a22d33']"
54717ae414aac99ce6594f1dcc75966b94ed5a0fef2c46b74955d3ccb59856da,2,1,[4],"['c8d2d32f7f29', '034cb07a550f']"
54ff09f0c7bb1baf3347f0aed4403f5f7a9829405351379bbdc7fe9cc094c255,3,2,"[2, 3]","['f7edc074f06b', '4fecf87184e6', '9bf060db8376']"
55ca6183ddcd10d18253a364c23605dfd89741734d1ac6abaaf9633d1b109f87,2,1,[2],"['a7b0d0c51731', '1cb814ed6332']"
591a413afc3eec9844ad826cab002675358848d2e7427999047fa119ac0e781c,2,1,[3],"['91b6ebaa3678', '7e160c8b611e']"
59216f4d7208391ac78a89c19896985ca52f482284686870e58a12141d4089f5,2,1,[2],"['2cceb07ff706', '8a759f94613a']"
5adb3e16fb2b2ae0bafcb5c73969e6bb34279943c288116c981a602e81cf209e,2,1,[2],"['23d7ca170bdb', 'ea9e0fb6fb0b']"
5b8152a2ee6f263f8ac58d34bfeb047b30bde6ebece6b0aee169bda55084ee45,2,1,[4],"['ba735b286d62', 'ed3a0fc5b546']"
5c92394d13abfc8126a0f0654afd604da6f7ee4ea19016ea9691d2accdce75b5,2,2,"[2, 4]","['e740af6ac6ea', '98f7136d2e7a']"
6387dfc4a82d006dd1d2914319be2227b457b8fd456b0f36bb4519afd99b18b9,2,1,[4],"['5b76117c4bcb', 'e037643244b7']"
642422f1729b15d2b24772ff6afa818e93c112f6ac76ae597767817cc7191053,2,1,[1],"['65e51e18242b', 'cc12453ea915']"
642db247fd9e5c10f4917012e1b2ff3f85852b7411a34a8ccb29f9c1379dcba3,2,1,[2],"['5dc23e440de3', 'f4d3777f2710']"
6453c389c0cb9b350d6a4344d67de0746520f2fa151e24b6e12e1883a5f7bf90,2,2,"[1, 2]","['a75bab2463d4', '1632c4311fc9']"
66990654ca8d2d26837ac4ac59505c731b602299bc1111f500dd6343206a6abd,2,1,[2],"['36ec36c301c1', '26e231747848']"
6769c60f901e98f6ae981351676e79b54217d2eee93fccb5f2457c63d8fecd92,4,1,[1],"['7a3ea1779b13', 'c027e5482e8c', 'ca6842bfcbc9', 'a8582e346df0']"
6d6bab66325255e9cb5762f88b0614c3acb70b26d49c7f00ef0e6a8b1c48f9da,2,2,"[2, 4]","['f03d3c4ce7fb', '9a3c03a5ad0f']"
6e03751bfcf1175b198ecfff8465e407d0323657986fa01200f3b71249fdf544,2,1,[2],"['857002ed4e49', '840527bc6628']"
6fe6122554217870ff0b81879ccc189b51f62110576ca1ab0857e26606742b82,2,1,[2],"['7d261f986bef', '91cbe1c775ef']"
72f2fcd5283992cd1dade0695837b77470ae51eaa84e9252855d702b39d2b149,2,1,[2],"['cac40227d3b2', '0161338f53cc']"
746899e2c660f05a3069eb425d4f45ccad80b8c7894bd6194da39a69e2ab9a02,2,1,[1],"['63a03880939c', '05a5183c92d0']"
752e0dd04179bd8863e7728f53ea787314d4f61858a8fd627c8393bda91e1a72,2,2,"[2, 4]","['5e7db41b3bee', 'a1b12fdce6c3']"
7ef195abba9cd4787137ff6a9f3aeac017ca15d7040dc37550697fc37f403a7c,2,1,[4],"['eadc57064154', '6c3745a222da']"
82c54b1073105660f07d52e84daac478f46fc388e649a9ba475ec5152b2f7f28,2,2,"[2, 3]","['5eb311bcb5f9', 'a9e984b57556']"
8391f55caca64706cadf83bee7fdc0f3099b25c8a07d09f73da0f5daafd68392,2,1,[2],"['92b0d27fc0ec', '1a1b4b2450ca']"
83db42b71932536a1ec6e561385e506561c964bb0cb84096884bc1e49780ade3,2,1,[0],"['f9e1c439d4c8', '3f44d749cd0b']"
8d91a59999626c7d147c7d21a6c9698c653f4f2067bc814e1b92a35f96edbb08,2,1,[2],"['9f1efb799b7b', 'cd4e7f9fa1a9']"
8dfd5a44445d0d11501906456bb1a1b29c6c77c12b05b02cb7cde276c88f8a18,2,1,[2],"['2a3a1ed1c285', '2b21d293fdf2']"
8ebc869d916af90be1cc7f43a29f04a7e7c456e98c4c01b27bad2ab9791da7ad,2,1,[0],"['d51c2153d151', '7b691d9ced34']"
90f186b426159067cdf88d8dbf318022602f629ca3fca2cd7038ee2f03ce9d0c,2,1,[4],"['d85ea1220a03', 'bfefa7344e7d']"
920cf6161212415be5284af311538a9018d3be5d4dab4f10b5717c71db616dfd,2,1,[2],"['d81b6ed83bc2', 'cd3fd04d72f5']"
9602e0e2560cf2671fb848abb63976643cd49c57f7a5f0cc852ecc58e9a5ab7e,2,2,"[2, 3]","['d0079cc188e9', '3dbfbc11e105']"
985f9b852452ac673cc4ed28defff181ebe4acbbdbdd9c144998976df0793b38,2,2,"[3, 4]","['14e3f84445f7', 'f0f89314e860']"
99b7cc4501f22ca93f86c0e1f07e4155dcde8660d4e8ad4527e8cb92fd4fde3d,2,1,[2],"['dc3c0d8ee20b', 'ca891d37a43c']"
9c65ab7f50a548906ead65e9fd41f497c6cebd61f557255b1627c16df49f79a5,2,1,[1],"['ca25745942b0', '00cb6555d108']"
9da7d4f39c3abdd73e39d037c28c6ae222b46e0531a9ad47a7ab9ebd2ba26b2f,2,1,[2],"['3c53198519f7', '1c5e6cdc7ee1']"
a51fd29f08fd59ae70dd358f97159b81dadd030142b411ab92da412156854abf,2,2,"[2, 3]","['3cd801ffdbf0', '7525ebb3434d']"
a66fb1c8e79f64020e8afcedc7ae51ac6bd85b9c961a0a32ffbf04e1fc4538a5,2,1,[4],"['22895c89792f', 'bd5013540a13']"
a87b8b656ab9e5ddb53f624865d754996fadd4fd2fc42c88be80f6a910d3b0a5,2,1,[2],"['ee2c2a5f7d0e', '7877be80901c']"
ac430d2b7a4725b2ff807fcd740f718da3f1fd014d553e524a35381c8c2fb5ed,2,1,[2],"['1dfbede13143', '38fe9f854046']"
adc9053a979fdfead198ee5c95239b9f43f804668995a80c7942d475268e5944,2,2,"[1, 2]","['8ef2eb8c51c4', '8446826853d0']"
b24b001545e866adc920f0d0673c40a5f1e3555bc61f53a34264a042c82eeb41,2,1,[2],"['86baef833ae0', '7a0cff4c24b2']"
b422b59189a55eb30cb0c670a97109ad2f05db2418168b19d1e66fbd3a179256,2,1,[2],"['ff52392372d3', 'f1a761c68559']"
b756c4b6a030970ff2a8ecf1748bdfa6c77268782452cb75e57c6cf5da44aac7,2,1,[1],"['64678182d8a8', '6b00cb764237']"
b7fae2c893ae891dcb09b5916366f40df4d429c114bb59651942e6e282d36226,2,1,[1],"['04ac765f91a1', '3044022c6969']"
b8a321cf9a1076e7c0c847526497bfdb0d232f62b2874d65a65881fd3271f744,2,1,[2],"['07419eddd6be', '81b0a2651c45']"
b8a877da0fb54e9cf15e7ecb6969279e03b3771b4b9d4b43637001c1e44e3604,2,1,[2],"['48c49f662f7d', '6cb98da77e3e']"
bac8ae4828852f2c3e0d13e8af86de30d58c4eb8ab1c7bf301ae13446870a043,2,1,[2],"['d994203deb64', 'a505981d1cab']"
bad7657bbfdc81a6b88f54775af97a11358d417309c59cca8b969e03b262d232,2,1,[0],"['2923971566fe', 'badb5ff8d3c7']"
bd37f38536df009bec625fb5c589c054b253484716c89b67762b82f28c612320,2,1,[1],"['d801c0a66738', '68332fdcaa70']"
bd505cde21ec90df99f91d05d215fc16d1c8d5bcc6aa5984db38d9669e5c68ed,2,2,"[2, 4]","['e39b627cf648', 'b9127e38d9b9']"
be36a90b3a0c7155876f557d25227e48bdc1b27c730db94ea22dc0852d154a17,2,1,[2],"['878a3a097436', '80feb1f7ca5e']"
be82994580fd6a9c7a55391aaf470889046b93ab41c1e6ef02ea40d37fbd4628,2,1,[2],"['9b418ce42c13', 'be161517d3ac']"
c433ea6175ee34c64d15ba8b5ced771ba362593bc40fdee4ad1ac5bb7731e990,2,1,[2],"['98e8adcf085c', '026dcd9af143']"
c434edb4da84e7dfe9df1a3247794287f009f8132047cbad51ea6056346096a0,2,2,"[1, 2]","['bacfb1029f6b', 'e12d41e7b221']"
c741bd577687fb6d5337d348d9d3b6e12cbc578dd11d902f89fc8c73fd22dea2,2,1,[3],"['6e92b1c5ac8e', '9c52b87d01f1']"
c760254d87c5c486d93b3e8b57faf853df4452239f973808be875e5940474c7f,2,2,"[3, 4]","['a8e88d4891c4', '2f7789c1e046']"
c8c263fd39bbd8247bfd93cdcc4142bb68debfae2f3240e82da9c862e9b0e1f6,2,1,[2],"['9c5dd3612f0c', 'c9f0dc2c8b43']"
c91fc9fd8543dabd1114d3b5fa4f62f69b93b358e96fbe107acb6600e0d1a64b,2,2,"[3, 4]","['60f15dd68d30', 'fcc6aa6755e6']"
c9909caea0615a3f22198c8d5a1cc4980a9126851944968ddd0a37c6360e4734,2,1,[2],"['9b32e8ef0ca0', 'a15652b22ab8']"
d0a3c33482f9e68654b111b0fc6aab0a047d4ed3399266d302996c75f28c0e99,2,1,[2],"['38487e1a5b1f', 'b376def52ccc']"
d215362d86cc8157489c14a63e11e2d0306d4b17bcefa2aaf81067cdacd1b474,2,1,[2],"['2c2aa057afc5', '135575dc57c9']"
d249c687813359ff4754be662224f1338df659aca77b94694ba79e6ffa44bd81,2,1,[0],"['a4012932e18d', '906d02fb822d']"
d45fd3b93f0f19a65ea39a360f639aa890bf4af67965398b5c73bbe2bfc91974,2,1,[1],"['8fc09fecd22f', 'd1cad012a254']"
d6b99dd6fa58f2fc181efd58273e356ca966913e200cfa7e4db51a537ef7b780,2,1,[2],"['d28bd830c171', 'f9ecf1795804']"
d874af806a176dc538610d5ccfcdac847d9b127798f09110a21252d4936a5fd8,2,1,[4],"['576e189d23d4', '1638404f385c']"
d949f1b5ffb33d227ef3b6c43299bb8fed54ccda62a234d403f8ccf1975fe6b6,2,1,[2],"['e7a7187066ad', 'ce887b196c23']"
dc25898c5d4d865a73be9ae321f958ced2499a5650b8e67a38c1ab593ed17fe8,2,1,[2],"['3fd7df6099e3', 'a3b2e93d058b']"
dc836f5895ca47d9ddbfd231c09d3d50e08310a660ffd6f0f5a718488b272427,2,2,"[2, 3]","['e8d1c6c07cf2', 'f23902998c21']"
dd37a19092c9171ec7d05a42fa3acf35f531b658eb4be12c4a9efd0a543f1500,2,2,"[2, 3]","['4a44cc840ebe', '0cb14014117d']"
e0cc06ec7bda50ded0852785e77fb0f027161bffec4b7fa28712671e768e03b4,3,2,"[1, 2]","['42a850acd2ac', '51131b48f9d4', '8cb6b0efaaac']"
e582676144ea3c77add4690d49afaff255b4ccb4cc314f41cb3481ddea0a8c12,3,1,[1],"['b8ebedd382de', '1e8a1fdee5b9', 'a47432cd41e7']"
e9b292fc12ed6d589d0bf3b96b4f1702d7197d28746ff2458d1ba1676dfe4d4e,2,1,[2],"['1ee1eb7943db', 'c2d2b4f536da']"
e9f49343a33f9c4853c35e82af14617a2d55479227b30d018113ba23f3e9f880,2,1,[2],"['012a242ac6ff', '1f07dae3cadb']"
eb62fc8eca985173c3f9b3d6f010cacbf967d99561d176b50d0f8c65ccd77e08,2,1,[1],"['94b1d8ad35ec', '4d7d6928534a']"
ebae39b7e639c64e51a8ebe01e85a047542a1bc80468d4de2ea754c259bee68d,2,2,"[0, 1]","['ea15a290eb96', '1c9c583c10bf']"
ec008b381160f16d4bc7fd07f00eed5aedcf150c3f1fb7fc50b1bf0211364667,2,2,"[2, 4]","['46cdc8b685bd', 'e4151feb8443']"
ec71d1b6d6e1778c4362eec6808582e963daed47d865e96f2e38f997ad98f99a,2,1,[2],"['0c7e82daf5a0', '3e86335bc2fd']"
ec96f76568f58db4cc2d5411cc805437f0c036c7413a4134c5bac471fb63c8fe,2,1,[3],"['e76a9cbb2a8c', 'bb7e0a2544cd']"
f17a80da3380e19e0ba552a9f5b477a3ff2c0d0e638e7c8e8e30ebf4f5f7bd72,2,1,[1],"['19722bff5a09', '19e350c7c83c']"
f68d4db7f03892f9898ca5f5189e334a05e3966fbe7c940551aad3571cd2b6cf,2,2,"[0, 1]","['42985aa2e32f', '6165081b9021']"
f77e824ed596b9052c1bd6aba523f2f74b70af2bdbc3b60e38aa0fd7b279bec4,2,1,[2],"['da0a1043abf7', 'b13d72ceea26']"
f90a15fbea7e8afb434b1176305263e759d6cf977a67abd0048f45e7961e6794,2,1,[2],"['ff0740cb484a', 'b8ac328009e0']"
f944186145653418c0ada62e23fc9fd226a8ee9788e163e84f3153d777209dde,2,1,[0],"['e2c3b037413b', 'a8b637abd96b']"
fa85dd94609764b5a27f409537d606b5214dace3c096f338a5f6f2f31d6a1889,2,1,[1],"['33105f9b3a04', '111898ab463d']"
ff6a53000a5ee301d26cec3d6e8afb90bf274d7df0920a9848f89efb361f0291,2,1,[2],"['1c6d119c3d70', 'a56230242a95']"
