epoch,accuracy,learning_rate,loss,pr_auc,precision,recall,roc_auc,val_accuracy,val_loss,val_pr_auc,val_precision,val_recall,val_roc_auc
0,0.5762081742286682,0.0010000000474974513,0.7414283752441406,0.1395181119441986,0.16081871092319489,0.5,0.5341398119926453,0.3564356565475464,0.77569180727005,0.29265424609184265,0.14965985715389252,0.8148148059844971,0.6714285612106323
1,0.6282528042793274,0.0010000000474974513,0.6488954424858093,0.24722135066986084,0.21212121844291687,0.6363636255264282,0.6752184629440308,0.4653465449810028,0.761352002620697,0.3614571690559387,0.19083969295024872,0.9259259104728699,0.7359787821769714
2,0.6802973747253418,0.0010000000474974513,0.588225245475769,0.3578945994377136,0.2565789520740509,0.7090908885002136,0.7491196393966675,0.8267326951026917,0.42816370725631714,0.3830694258213043,0.3181818127632141,0.25925925374031067,0.770370364189148
3,0.7063196897506714,0.0010000000474974513,0.591153085231781,0.3188849091529846,0.27075812220573425,0.6818181872367859,0.7585170269012451,0.7722772359848022,0.5135766863822937,0.4343022108078003,0.3272727131843567,0.6666666865348816,0.788783073425293
4,0.7261462211608887,0.0010000000474974513,0.5518072843551636,0.3817160129547119,0.29056602716445923,0.699999988079071,0.7957414984703064,0.6287128925323486,0.6226005554199219,0.4401698112487793,0.239130437374115,0.8148148059844971,0.8030687570571899
5,0.7137546539306641,0.00020000000949949026,0.5171381235122681,0.43127140402793884,0.29629629850387573,0.800000011920929,0.8351311683654785,0.8415841460227966,0.41770365834236145,0.43347790837287903,0.4193548262119293,0.48148149251937866,0.8024338483810425
6,0.7695167064666748,0.00020000000949949026,0.5442945957183838,0.40793168544769287,0.3403361439704895,0.7363636493682861,0.8122994303703308,0.7722772359848022,0.4958193600177765,0.4384823441505432,0.3207547068595886,0.6296296119689941,0.8058201670646667
7,0.7125154733657837,0.00020000000949949026,0.5286980867385864,0.44929662346839905,0.2925170063972473,0.7818182110786438,0.8171123266220093,0.7970296740531921,0.46023356914520264,0.4405643343925476,0.3478260934352875,0.5925925970077515,0.8086773157119751
8,0.7149937748908997,4.0000002627493814e-05,0.5326620936393738,0.42842209339141846,0.28723403811454773,0.7363636493682861,0.8125602602958679,0.801980197429657,0.4576110541820526,0.4403817355632782,0.35555556416511536,0.5925925970077515,0.8077248334884644
9,0.7410160899162292,4.0000002627493814e-05,0.5438364148139954,0.3760947585105896,0.31734317541122437,0.7818182110786438,0.8113799095153809,0.801980197429657,0.44562914967536926,0.4362775385379791,0.3488371968269348,0.5555555820465088,0.8081481456756592
10,0.7472118735313416,8.000000889296643e-06,0.5197643041610718,0.404468834400177,0.3219696879386902,0.7727272510528564,0.8311203122138977,0.8069307208061218,0.44400420784950256,0.4366680383682251,0.3571428656578064,0.5555555820465088,0.8081481456756592
